MANDT,KUNNR,DUNS_CONF_CODE,CREATE_TS,CREATE_USER,UPDATE_TS,CAP_IND,COV_ELG_IND
100,0011355523,10,2020-03-17 06:12:28,LH_CREATE,2020-03-26 05:18:53,Y,Y
100,0011882652,10,2020-03-05 15:22:43,LH_CREATE,2020-03-05 15:22:43,N,Y
100,0011883460,08,2020-03-05 15:22:43,LH_CREATE,2020-03-05 15:22:43,N,Y
100,0011883488,05,2020-03-05 15:22:43,LH_CREATE,2020-03-05 15:22:43,N,Y
100,0011884786,10,2020-03-05 15:22:43,LH_CREATE,2020-03-05 15:22:43,N,Y
100,0011885484,10,2020-03-05 15:22:43,LH_CREATE,2020-03-05 15:22:43,N,Y
100,0011886221,10,2020-03-05 15:22:43,LH_CREATE,2020-03-05 15:22:43,N,Y
100,0011886315,10,2020-03-05 15:22:43,LH_CREATE,2020-03-05 15:22:43,Y,Y
100,0011886771,10,2020-03-05 15:22:43,LH_CREATE,2020-03-05 15:22:43,N,Y
100,0011889673,08,2020-03-05 15:22:43,LH_CREATE,2020-03-31 05:02:02,N,Y
100,0011890275,10,2020-03-05 15:22:43,LH_CREATE,2020-03-05 15:22:43,N,Y
100,0011890287,10,2020-03-05 15:22:43,LH_CREATE,2020-03-05 15:22:43,Y,Y
100,0011890810,08,2020-03-05 15:22:43,LH_CREATE,2020-03-05 15:22:43,Y,Y
100,0011891050,10,2020-03-05 15:22:43,LH_CREATE,2020-03-05 15:22:43,N,Y
100,0011891387,10,2020-03-05 15:22:43,LH_CREATE,2020-03-05 15:22:43,Y,Y
100,0011891740,08,2020-03-05 15:22:43,LH_CREATE,2020-03-05 15:22:43,N,Y
100,0011892059,10,2020-03-05 15:22:43,LH_CREATE,2020-03-05 15:22:43,Y,Y
100,0011892239,08,2020-03-05 15:22:43,LH_CREATE,2020-03-05 15:22:43,Y,Y
100,0011892359,10,2020-03-05 15:22:43,LH_CREATE,2020-03-05 15:22:43,Y,Y
100,0011892416,08,2020-03-05 15:22:43,LH_CREATE,2020-03-05 15:22:43,N,Y
100,0011892531,10,2020-03-05 15:22:43,LH_CREATE,2020-03-05 15:22:43,N,Y
100,0011892555,07,2020-03-05 15:22:43,LH_CREATE,2020-03-05 15:22:43,N,Y
100,0011892556,08,2020-03-05 15:22:43,LH_CREATE,2020-03-05 15:22:43,N,Y
100,0011892838,10,2020-03-05 15:22:43,LH_CREATE,2020-03-31 05:02:02,Y,Y
100,0011892850,10,2020-03-05 15:22:43,LH_CREATE,2020-03-05 15:22:43,Y,Y
100,0011892863,10,2020-03-05 15:22:43,LH_CREATE,2020-03-05 15:22:43,Y,Y
100,0011893560,10,2020-03-05 15:22:43,LH_CREATE,2020-03-05 15:22:43,Y,Y
100,0011893764,10,2020-03-05 15:22:43,LH_CREATE,2020-03-05 15:22:43,N,Y
100,0011893877,10,2020-03-05 15:22:43,LH_CREATE,2020-03-05 15:22:43,N,Y
100,0011894385,10,2020-03-05 15:22:43,LH_CREATE,2020-03-05 15:22:43,N,Y
100,0011894691,07,2020-03-05 15:22:43,LH_CREATE,2020-03-05 15:22:43,N,Y
100,0011894873,10,2020-03-05 15:22:43,LH_CREATE,2020-03-05 15:22:43,N,Y
100,0011895209,09,2020-03-05 15:22:43,LH_CREATE,2020-03-05 15:22:43,Y,Y
100,0011895249,10,2020-03-05 15:22:43,LH_CREATE,2020-03-05 15:22:43,Y,Y
100,0011895674,10,2020-03-05 15:22:43,LH_CREATE,2020-03-05 15:22:43,Y,Y
100,0011895747,10,2020-03-05 15:22:43,LH_CREATE,2020-03-05 15:22:43,N,Y
100,0011895762,07,2020-03-05 15:22:43,LH_CREATE,2020-03-05 15:22:43,Y,Y
100,0011895946,09,2020-03-05 15:22:43,LH_CREATE,2020-03-05 15:22:43,N,Y
100,0011896058,10,2020-03-05 15:22:43,LH_CREATE,2020-03-05 15:22:43,N,Y
100,0011896224,10,2020-03-05 15:22:43,LH_CREATE,2020-03-05 15:22:43,N,Y
100,0011896753,08,2020-03-05 15:22:43,LH_CREATE,2020-03-05 15:22:43,N,Y
100,0011897077,08,2020-03-05 15:22:43,LH_CREATE,2020-03-05 15:22:43,N,Y
100,0011897165,10,2020-03-05 15:22:43,LH_CREATE,2020-03-05 15:22:43,Y,Y
100,0011897300,00,2020-03-05 15:22:43,LH_CREATE,2020-03-05 15:22:43,N,Y
100,0011897765,10,2020-03-05 15:22:43,LH_CREATE,2020-03-05 15:22:43,N,Y
100,0011898160,10,2020-03-05 15:22:43,LH_CREATE,2020-03-05 15:22:43,N,Y
100,0011898221,10,2020-03-05 15:22:43,LH_CREATE,2020-03-05 15:22:43,N,Y
100,0011898313,10,2020-03-05 15:22:43,LH_CREATE,2020-03-05 15:22:43,N,Y
100,0011898319,10,2020-03-05 15:22:43,LH_CREATE,2020-03-05 15:22:43,N,Y
100,0011898840,10,2020-03-05 15:22:43,LH_CREATE,2020-03-05 15:22:43,N,Y
100,0011899451,10,2020-03-05 15:22:43,LH_CREATE,2020-03-05 15:22:43,N,Y
100,0011899798,06,2020-03-05 15:22:43,LH_CREATE,2020-03-05 15:22:43,N,Y
100,0011899991,10,2020-03-05 15:22:43,LH_CREATE,2020-03-05 15:22:43,Y,Y
100,0011900434,10,2020-03-05 15:22:43,LH_CREATE,2020-03-05 15:22:43,N,Y
100,0011900651,06,2020-03-05 15:22:43,LH_CREATE,2020-03-05 15:22:43,N,Y
100,0011900761,08,2020-03-05 15:22:43,LH_CREATE,2020-03-05 15:22:43,N,Y
100,0011900773,10,2020-03-05 15:22:43,LH_CREATE,2020-03-05 15:22:43,Y,Y
100,0011900872,08,2020-03-05 15:22:43,LH_CREATE,2020-03-05 15:22:43,N,Y
100,0011901043,10,2020-03-05 15:22:43,LH_CREATE,2020-03-05 15:22:43,N,Y
100,0011901044,10,2020-03-05 15:22:43,LH_CREATE,2020-03-05 15:22:43,N,Y
100,0011901211,10,2020-03-05 15:22:43,LH_CREATE,2020-03-05 15:22:43,N,Y
100,0011901316,08,2020-03-05 15:22:43,LH_CREATE,2020-03-05 15:22:43,N,Y
100,0011902204,06,2020-03-05 15:22:43,LH_CREATE,2020-03-05 15:22:43,N,Y
100,0011902248,10,2020-03-05 15:22:43,LH_CREATE,2020-03-05 15:22:43,Y,Y
100,0011903174,10,2020-03-05 15:22:43,LH_CREATE,2020-03-05 15:22:43,N,Y
100,0011903278,10,2020-03-05 15:22:43,LH_CREATE,2020-03-05 15:22:43,N,Y
100,0011903732,06,2020-03-05 15:22:43,LH_CREATE,2020-03-05 15:22:43,N,Y
100,0011903969,08,2020-03-05 15:22:43,LH_CREATE,2020-03-05 15:22:43,N,Y
100,0011904094,05,2020-03-05 15:22:43,LH_CREATE,2020-03-05 15:22:43,N,Y
100,0011904380,08,2020-03-05 15:22:43,LH_CREATE,2020-03-05 15:22:43,N,Y
100,0011904446,10,2020-03-05 15:22:43,LH_CREATE,2020-03-05 15:22:43,N,Y
100,0011904471,10,2020-03-05 15:22:43,LH_CREATE,2020-03-05 15:22:43,N,Y
100,0011906208,05,2020-03-05 15:22:43,LH_CREATE,2020-03-05 15:22:43,N,Y
100,0011906498,08,2020-03-05 15:22:43,LH_CREATE,2020-03-05 15:22:43,Y,Y
100,0011906557,06,2020-03-05 15:22:43,LH_CREATE,2020-03-05 15:22:43,N,Y
100,0011908684,10,2020-03-05 15:22:43,LH_CREATE,2020-03-05 15:22:43,N,Y
100,0011909301,10,2020-03-05 15:22:43,LH_CREATE,2020-03-05 15:22:43,N,Y
100,0011909373,10,2020-03-05 15:22:43,LH_CREATE,2020-03-05 15:22:43,N,Y
100,0011909629,10,2020-03-05 15:22:43,LH_CREATE,2020-03-05 15:22:43,N,Y
100,0011909759,08,2020-03-05 15:22:43,LH_CREATE,2020-03-05 15:22:43,Y,Y
100,0011909907,10,2020-03-05 15:22:43,LH_CREATE,2020-03-05 15:22:43,N,Y
100,0011910337,08,2020-03-05 15:22:43,LH_CREATE,2020-03-05 15:22:43,N,Y
100,0011911224,10,2020-03-05 15:22:43,LH_CREATE,2020-03-05 15:22:43,Y,Y
100,0011911230,10,2020-03-05 15:22:43,LH_CREATE,2020-03-05 15:22:43,Y,Y
100,0011911242,08,2020-03-05 15:22:43,LH_CREATE,2020-03-05 15:22:43,Y,Y
100,0011911340,06,2020-03-05 15:22:43,LH_CREATE,2020-03-05 15:22:43,Y,Y
100,0011911895,10,2020-03-05 15:22:43,LH_CREATE,2020-03-05 15:22:43,Y,Y
100,0011912265,10,2020-03-05 15:22:43,LH_CREATE,2020-03-05 15:22:43,N,Y
100,0011912689,07,2020-03-05 15:22:43,LH_CREATE,2020-03-05 15:22:43,N,Y
100,0011913457,10,2020-03-05 15:22:43,LH_CREATE,2020-03-05 15:22:43,Y,Y
100,0011914820,08,2020-03-05 15:22:43,LH_CREATE,2020-03-05 15:22:43,Y,Y
100,0012194960,10,2020-03-05 15:22:44,LH_CREATE,2020-03-05 15:22:44,N,Y
100,0012195488,10,2020-03-05 15:22:44,LH_CREATE,2020-03-05 15:22:44,Y,Y
100,0012196031,10,2020-03-05 15:22:44,LH_CREATE,2020-03-05 15:22:44,Y,Y
100,0012196066,10,2020-03-05 15:22:44,LH_CREATE,2020-03-05 15:22:44,Y,Y
100,0012196462,10,2020-03-05 15:22:44,LH_CREATE,2020-03-05 15:22:44,N,Y
100,0012196577,10,2020-03-05 15:22:44,LH_CREATE,2020-03-05 15:22:44,Y,Y
100,0012196818,06,2020-03-05 15:22:44,LH_CREATE,2020-03-05 15:22:44,N,Y
100,0012197452,08,2020-03-05 15:22:44,LH_CREATE,2020-03-05 15:22:44,Y,Y
100,0012197510,08,2020-03-05 15:22:44,LH_CREATE,2020-03-05 15:22:44,N,Y
100,0012197798,10,2020-03-05 15:22:44,LH_CREATE,2020-03-05 15:22:44,N,Y
100,0012198080,08,2020-03-05 15:22:44,LH_CREATE,2020-03-05 15:22:44,Y,Y
100,0012198088,10,2020-03-05 15:22:44,LH_CREATE,2020-03-05 15:22:44,Y,Y
100,0012198191,08,2020-03-05 15:22:44,LH_CREATE,2020-03-05 15:22:44,N,Y
100,0012198668,08,2020-03-05 15:22:44,LH_CREATE,2020-03-05 15:22:44,N,Y
100,0012198775,10,2020-03-05 15:22:44,LH_CREATE,2020-03-05 15:22:44,N,Y
100,0012199125,10,2020-03-05 15:22:44,LH_CREATE,2020-03-05 15:22:44,N,Y
100,0012200489,00,2020-03-05 15:22:44,LH_CREATE,2020-03-05 15:22:44,N,Y
100,0012200495,10,2020-03-05 15:22:44,LH_CREATE,2020-03-05 15:22:44,N,Y
100,0012200676,10,2020-03-05 15:22:44,LH_CREATE,2020-03-05 15:22:44,Y,Y
100,0012201334,06,2020-03-05 15:22:44,LH_CREATE,2020-03-05 15:22:44,N,Y
100,0012201601,10,2020-03-05 15:22:44,LH_CREATE,2020-03-05 15:22:44,Y,Y
100,0012201888,10,2020-03-05 15:22:44,LH_CREATE,2020-03-05 15:22:44,N,Y
100,0012202144,06,2020-03-05 15:22:44,LH_CREATE,2020-03-05 15:22:44,N,Y
100,0012202406,06,2020-03-05 15:22:44,LH_CREATE,2020-03-05 15:22:44,N,Y
100,0012202702,08,2020-03-05 15:22:44,LH_CREATE,2020-03-05 15:22:44,N,Y
100,0012202973,09,2020-03-05 15:22:44,LH_CREATE,2020-03-05 15:22:44,Y,Y
100,0012203018,10,2020-03-05 15:22:44,LH_CREATE,2020-03-05 15:22:44,N,Y
100,0012203209,10,2020-03-05 15:22:44,LH_CREATE,2020-03-05 15:22:44,N,Y
100,0012203754,10,2020-03-05 15:22:44,LH_CREATE,2020-03-05 15:22:44,Y,Y
100,0012203848,06,2020-03-05 15:22:44,LH_CREATE,2020-03-05 15:22:44,N,Y
100,0012203942,10,2020-03-05 15:22:44,LH_CREATE,2020-03-05 15:22:44,N,Y
100,0012204131,06,2020-03-05 15:22:44,LH_CREATE,2020-03-05 15:22:44,N,Y
100,0012204281,10,2020-03-05 15:22:44,LH_CREATE,2020-03-05 15:22:44,N,Y
100,0012204359,09,2020-03-05 15:22:44,LH_CREATE,2020-03-05 15:22:44,N,Y
100,0012204585,10,2020-03-05 15:22:44,LH_CREATE,2020-03-05 15:22:44,N,Y
100,0012204801,10,2020-03-05 15:22:44,LH_CREATE,2020-03-05 15:22:44,N,Y
100,0012205019,10,2020-03-05 15:22:44,LH_CREATE,2020-03-05 15:22:44,N,Y
100,0012205680,10,2020-03-05 15:22:44,LH_CREATE,2020-03-05 15:22:44,N,Y
100,0012205772,09,2020-03-05 15:22:44,LH_CREATE,2020-03-05 15:22:44,N,Y
100,0012206190,05,2020-03-05 15:22:44,LH_CREATE,2020-03-05 15:22:44,N,Y
100,0012206591,10,2020-03-05 15:22:44,LH_CREATE,2020-03-05 15:22:44,N,Y
100,0012206653,10,2020-03-05 15:22:44,LH_CREATE,2020-03-05 15:22:44,N,Y
100,0012206788,10,2020-03-05 15:22:44,LH_CREATE,2020-03-05 15:22:44,N,Y
100,0012207245,10,2020-03-05 15:22:44,LH_CREATE,2020-03-05 15:22:44,Y,Y
100,0012207377,10,2020-03-05 15:22:44,LH_CREATE,2020-03-05 15:22:44,Y,Y
100,0012207611,10,2020-03-05 15:22:44,LH_CREATE,2020-03-05 15:22:44,Y,Y
100,0012207622,10,2020-03-05 15:22:44,LH_CREATE,2020-03-05 15:22:44,Y,Y
100,0012207771,10,2020-03-05 15:22:44,LH_CREATE,2020-03-05 15:22:44,N,Y
100,0012207948,08,2020-03-05 15:22:44,LH_CREATE,2020-03-05 15:22:44,N,Y
100,0012208610,10,2020-03-05 15:22:44,LH_CREATE,2020-03-05 15:22:44,Y,Y
100,0012208916,10,2020-03-05 15:22:44,LH_CREATE,2020-03-05 15:22:44,Y,Y
100,0012208953,08,2020-03-05 15:22:44,LH_CREATE,2020-03-05 15:22:44,N,Y
100,0012208956,10,2020-03-05 15:22:44,LH_CREATE,2020-03-05 15:22:44,N,Y
100,0012209016,10,2020-03-05 15:22:44,LH_CREATE,2020-03-31 05:03:48,N,Y
100,0012209080,10,2020-03-05 15:22:44,LH_CREATE,2020-03-05 15:22:44,Y,Y
100,0012209158,10,2020-03-05 15:22:44,LH_CREATE,2020-03-05 15:22:44,N,Y
100,0012209389,08,2020-03-05 15:22:44,LH_CREATE,2020-03-05 15:22:44,N,Y
100,0012209508,06,2020-03-05 15:22:44,LH_CREATE,2020-03-05 15:22:44,N,Y
100,0012209932,10,2020-03-05 15:22:44,LH_CREATE,2020-03-05 15:22:44,Y,Y
100,0012210173,10,2020-03-05 15:22:44,LH_CREATE,2020-03-05 15:22:44,N,Y
100,0012210301,10,2020-03-05 15:22:44,LH_CREATE,2020-03-05 15:22:44,N,Y
100,0012210360,09,2020-03-05 15:22:44,LH_CREATE,2020-03-05 15:22:44,N,Y
100,0012210424,10,2020-03-05 15:22:44,LH_CREATE,2020-03-05 15:22:44,Y,Y
100,0012210444,06,2020-03-05 15:22:44,LH_CREATE,2020-03-05 15:22:44,N,Y
100,0012210580,10,2020-03-05 15:22:44,LH_CREATE,2020-03-05 15:22:44,Y,Y
100,0012210737,10,2020-03-05 15:22:44,LH_CREATE,2020-03-05 15:22:44,Y,Y
100,0012210761,10,2020-03-05 15:22:44,LH_CREATE,2020-03-05 15:22:44,N,Y
100,0012211061,10,2020-03-05 15:22:44,LH_CREATE,2020-03-05 15:22:44,Y,Y
100,0012211209,10,2020-03-05 15:22:44,LH_CREATE,2020-03-05 15:22:44,Y,Y
100,0012211270,10,2020-03-05 15:22:44,LH_CREATE,2020-03-05 15:22:44,N,Y
100,0012211785,10,2020-03-05 15:22:44,LH_CREATE,2020-03-05 15:22:44,N,Y
100,0012211792,10,2020-03-05 15:22:44,LH_CREATE,2020-03-05 15:22:44,N,Y
100,0012211816,10,2020-03-05 15:22:44,LH_CREATE,2020-03-05 15:22:44,N,Y
100,0012212145,08,2020-03-05 15:22:44,LH_CREATE,2020-03-05 15:22:44,N,Y
100,0012212439,10,2020-03-05 15:22:44,LH_CREATE,2020-03-05 15:22:44,Y,Y
100,0012212756,07,2020-03-05 15:22:44,LH_CREATE,2020-03-05 15:22:44,N,Y
100,0012212903,08,2020-03-05 15:22:44,LH_CREATE,2020-03-05 15:22:44,N,Y
100,0012212932,09,2020-03-05 15:22:44,LH_CREATE,2020-03-05 15:22:44,N,Y
100,0012213465,10,2020-03-05 15:22:44,LH_CREATE,2020-03-05 15:22:44,Y,Y
100,0012214565,10,2020-03-05 15:22:44,LH_CREATE,2020-03-05 15:22:44,N,Y
100,0012215596,10,2020-03-05 15:22:44,LH_CREATE,2020-03-05 15:22:44,Y,Y
100,0012215760,08,2020-03-05 15:22:44,LH_CREATE,2020-03-31 05:03:41,Y,Y
100,0012215980,10,2020-03-05 15:22:44,LH_CREATE,2020-03-05 15:22:44,N,Y
100,0012216442,10,2020-03-05 15:22:44,LH_CREATE,2020-03-05 15:22:44,N,Y
100,0012216766,10,2020-03-05 15:22:44,LH_CREATE,2020-03-05 15:22:44,N,Y
100,0012217037,08,2020-03-05 15:22:44,LH_CREATE,2020-03-05 15:22:44,N,Y
100,0012217554,10,2020-03-05 15:22:44,LH_CREATE,2020-03-05 15:22:44,N,Y
100,0012219317,10,2020-03-05 15:22:44,LH_CREATE,2020-03-05 15:22:44,Y,Y
100,0012219552,10,2020-03-05 15:22:44,LH_CREATE,2020-03-05 15:22:44,N,Y
100,0012220558,10,2020-03-05 15:22:44,LH_CREATE,2020-03-05 15:22:44,Y,Y
100,0012528367,10,2020-03-05 15:22:44,LH_CREATE,2020-03-05 15:22:44,N,Y
100,0016784220,06,2020-03-05 15:59:13,LH_CREATE,2020-03-05 15:59:13,N,Y
100,0019019282,10,2020-03-05 16:28:19,LH_CREATE,2020-03-05 16:28:19,N,Y
100,0019058891,08,2020-03-05 16:28:19,LH_CREATE,2020-03-05 16:28:19,Y,Y
100,0019058968,10,2020-03-05 16:28:19,LH_CREATE,2020-03-05 16:28:19,N,Y
100,0019070544,10,2020-03-05 16:28:19,LH_CREATE,2020-03-05 16:28:19,Y,Y
100,0019078719,06,2020-03-05 16:28:19,LH_CREATE,2020-03-05 16:28:19,Y,Y
100,0019417538,08,2020-03-05 16:28:19,LH_CREATE,2020-03-05 16:28:19,Y,Y
100,0019507252,10,2020-03-05 16:28:19,LH_CREATE,2020-03-05 16:28:19,N,Y
100,0019512426,10,2020-03-05 16:28:19,LH_CREATE,2020-03-05 16:28:19,N,Y
100,0019877748,05,2020-03-05 16:28:19,LH_CREATE,2020-03-05 16:28:19,N,Y
100,0019880579,10,2020-03-05 16:28:19,LH_CREATE,2020-03-05 16:28:19,Y,Y
100,0019882087,10,2020-03-05 16:28:19,LH_CREATE,2020-03-05 16:28:19,Y,Y
100,0019960285,10,2020-03-05 16:28:19,LH_CREATE,2020-03-05 16:28:19,Y,Y
100,0019960811,07,2020-03-05 16:28:19,LH_CREATE,2020-03-05 16:28:19,N,Y
100,0019995924,06,2020-03-05 16:28:19,LH_CREATE,2020-03-05 16:28:19,N,Y
100,0020051145,10,2020-03-05 16:28:19,LH_CREATE,2020-03-05 16:28:19,Y,Y
100,0020052034,10,2020-03-05 16:28:19,LH_CREATE,2020-03-05 16:28:19,Y,Y
100,0020064623,07,2020-03-05 16:28:19,LH_CREATE,2020-03-05 16:28:19,N,Y
100,0020088250,10,2020-03-05 16:28:19,LH_CREATE,2020-03-05 16:28:19,N,Y
100,0020088477,08,2020-03-05 16:28:19,LH_CREATE,2020-03-05 16:28:19,Y,Y
100,0020181422,09,2020-03-05 16:28:19,LH_CREATE,2020-03-31 05:03:21,Y,Y
100,0020484167,10,2020-03-05 16:28:19,LH_CREATE,2020-03-05 16:28:19,Y,Y
100,0020598480,05,2020-03-05 16:28:19,LH_CREATE,2020-03-05 16:28:19,N,Y
100,0020609294,08,2020-03-05 16:28:19,LH_CREATE,2020-03-05 16:28:19,Y,Y
100,0020623898,10,2020-03-05 16:28:19,LH_CREATE,2020-03-05 16:28:19,Y,Y
100,0020624758,00,2020-03-05 16:28:19,LH_CREATE,2020-03-05 16:28:19,Y,Y
100,0020632442,10,2020-03-05 16:28:19,LH_CREATE,2020-03-05 16:28:19,Y,Y
100,0020632896,10,2020-03-05 16:28:19,LH_CREATE,2020-03-05 16:28:19,Y,Y
100,0020639299,10,2020-03-05 16:28:19,LH_CREATE,2020-03-05 16:28:19,Y,Y
100,0020647928,10,2020-03-05 16:28:19,LH_CREATE,2020-03-05 16:28:19,N,Y
100,0020651937,10,2020-03-05 16:28:19,LH_CREATE,2020-03-05 16:28:19,N,Y
100,0020663817,08,2020-03-05 16:28:19,LH_CREATE,2020-03-05 16:28:19,Y,Y
100,0020663837,05,2020-03-05 16:28:19,LH_CREATE,2020-03-05 16:28:19,N,Y
100,0020690514,10,2020-03-05 16:28:19,LH_CREATE,2020-03-05 16:28:19,N,Y
100,0020690636,10,2020-03-05 16:28:19,LH_CREATE,2020-03-05 16:28:19,Y,Y
100,0020993806,10,2020-03-05 16:28:19,LH_CREATE,2020-03-05 16:28:19,Y,Y
100,0020997384,10,2020-03-05 16:28:19,LH_CREATE,2020-03-05 16:28:19,Y,Y
100,0021350922,09,2020-03-05 16:28:19,LH_CREATE,2020-03-05 16:28:19,N,Y
100,0021352278,08,2020-03-05 16:28:19,LH_CREATE,2020-03-05 16:28:19,Y,Y
100,0021356288,05,2020-03-05 16:28:19,LH_CREATE,2020-03-05 16:28:19,N,Y
100,0021428610,10,2020-03-05 16:28:19,LH_CREATE,2020-03-05 16:28:19,Y,Y
100,0021447877,10,2020-03-05 16:28:19,LH_CREATE,2020-03-05 16:28:19,Y,Y
100,0021459727,09,2020-03-05 16:28:19,LH_CREATE,2020-03-05 16:28:19,Y,Y
100,0021462168,10,2020-03-05 16:28:19,LH_CREATE,2020-03-05 16:28:19,Y,Y
100,0021476371,10,2020-03-05 16:28:19,LH_CREATE,2020-03-05 16:28:19,Y,Y
100,0021613093,09,2020-03-05 16:28:19,LH_CREATE,2020-03-05 16:28:19,Y,Y
100,0021616390,06,2020-03-05 16:28:19,LH_CREATE,2020-03-05 16:28:19,N,Y
100,0021620971,05,2020-03-05 16:28:19,LH_CREATE,2020-03-05 16:28:19,N,Y
100,0021652495,06,2020-03-05 16:28:19,LH_CREATE,2020-03-05 16:28:19,N,Y
100,0021679499,10,2020-03-05 16:28:19,LH_CREATE,2020-03-05 16:28:19,N,Y
100,0021680157,10,2020-03-05 16:28:19,LH_CREATE,2020-03-05 16:28:19,N,Y
100,0021687101,08,2020-03-05 16:28:19,LH_CREATE,2020-03-05 16:28:19,N,Y
100,0021688156,10,2020-03-05 16:28:19,LH_CREATE,2020-03-05 16:28:19,N,Y
100,0021783868,10,2020-03-05 16:28:19,LH_CREATE,2020-03-05 16:28:19,Y,Y
100,0021790420,10,2020-03-05 16:28:19,LH_CREATE,2020-03-05 16:28:19,N,Y
100,0021825120,10,2020-03-05 16:28:19,LH_CREATE,2020-03-05 16:28:19,N,Y
100,0021826080,08,2020-03-05 16:28:19,LH_CREATE,2020-03-05 16:28:19,N,Y
100,0021827184,10,2020-03-05 16:28:19,LH_CREATE,2020-03-05 16:28:19,Y,Y
100,0021854926,10,2020-03-05 16:28:19,LH_CREATE,2020-03-05 16:28:19,N,Y
100,0021880211,00,2020-03-05 16:28:19,LH_CREATE,2020-03-05 16:28:19,N,Y
100,0021880220,10,2020-03-05 16:28:19,LH_CREATE,2020-03-05 16:28:19,N,Y
100,0021890616,00,2020-03-05 16:28:19,LH_CREATE,2020-03-05 16:28:19,Y,Y
100,0021902261,08,2020-03-05 16:28:19,LH_CREATE,2020-03-05 16:28:19,N,Y
100,0021928201,10,2020-03-05 16:28:19,LH_CREATE,2020-03-05 16:28:19,N,Y
100,0021960275,07,2020-03-05 16:28:19,LH_CREATE,2020-03-05 16:28:19,N,Y
100,0021989470,10,2020-03-05 16:28:19,LH_CREATE,2020-03-05 16:28:19,Y,Y
100,0021991918,08,2020-03-05 16:28:19,LH_CREATE,2020-03-05 16:28:19,N,Y
100,0021992242,10,2020-03-05 16:28:19,LH_CREATE,2020-03-05 16:28:19,Y,Y
100,0022288528,08,2020-03-05 16:28:19,LH_CREATE,2020-03-05 16:28:19,N,Y
100,0022289406,10,2020-03-05 16:28:19,LH_CREATE,2020-03-05 16:28:19,Y,Y
100,0022298292,10,2020-03-05 16:28:19,LH_CREATE,2020-03-05 16:28:19,Y,Y
100,0022311296,10,2020-03-05 16:28:19,LH_CREATE,2020-03-05 16:28:19,N,Y
100,0022313552,10,2020-03-05 16:28:19,LH_CREATE,2020-03-05 16:28:19,N,Y
100,0026314288,10,2020-03-05 16:28:19,LH_CREATE,2020-03-05 16:28:19,Y,Y
100,0026318521,10,2020-03-05 16:28:19,LH_CREATE,2020-03-05 16:28:19,N,Y
100,0026473937,00,2020-03-05 16:28:19,LH_CREATE,2020-03-05 16:28:19,Y,Y
100,0026599637,10,2020-03-05 16:28:19,LH_CREATE,2020-03-05 16:28:19,N,Y
100,0026601914,08,2020-03-05 16:28:19,LH_CREATE,2020-03-05 16:28:19,Y,Y
100,0026620176,10,2020-03-05 16:28:19,LH_CREATE,2020-03-05 16:28:19,Y,Y
100,0026683544,10,2020-03-05 16:28:19,LH_CREATE,2020-03-05 16:28:19,Y,Y
100,0026859875,10,2020-03-05 16:28:19,LH_CREATE,2020-03-05 16:28:19,Y,Y
100,0026917544,08,2020-03-05 16:28:19,LH_CREATE,2020-03-05 16:28:19,Y,Y
100,0026961891,10,2020-03-05 16:28:19,LH_CREATE,2020-03-05 16:28:19,Y,Y
100,0027000488,10,2020-03-05 16:28:19,LH_CREATE,2020-03-05 16:28:19,Y,Y
100,0027018180,09,2020-03-05 16:28:19,LH_CREATE,2020-03-05 16:28:19,Y,Y
100,0027057407,05,2020-03-05 16:28:19,LH_CREATE,2020-03-05 16:28:19,Y,Y
100,0027071158,10,2020-03-05 16:28:19,LH_CREATE,2020-03-05 16:28:19,N,Y
100,0027105863,10,2020-03-05 16:28:19,LH_CREATE,2020-03-05 16:28:19,N,Y
100,0027110459,10,2020-03-05 16:28:19,LH_CREATE,2020-03-05 16:28:19,Y,Y
100,0027188434,10,2020-03-05 16:28:19,LH_CREATE,2020-03-05 16:28:19,Y,Y
100,0027203830,10,2020-03-05 16:28:19,LH_CREATE,2020-03-05 16:28:19,Y,Y
100,0027207389,10,2020-03-05 16:28:19,LH_CREATE,2020-03-05 16:28:19,Y,Y
100,0027218695,10,2020-03-05 16:28:19,LH_CREATE,2020-03-05 16:28:19,Y,Y
100,0027228164,10,2020-03-05 16:28:19,LH_CREATE,2020-03-05 16:28:19,Y,Y
100,0027240540,10,2020-03-05 16:28:19,LH_CREATE,2020-03-05 16:28:19,N,Y
100,0027248460,10,2020-03-05 16:28:19,LH_CREATE,2020-03-05 16:28:19,N,Y
100,0027272807,06,2020-03-05 16:28:19,LH_CREATE,2020-03-05 16:28:19,N,Y
100,0027274620,08,2020-03-05 16:28:19,LH_CREATE,2020-03-05 16:28:19,N,Y
100,0027293367,06,2020-03-05 16:28:19,LH_CREATE,2020-03-05 16:28:19,Y,Y
100,0027296779,10,2020-03-05 16:28:19,LH_CREATE,2020-03-05 16:28:19,Y,Y
100,0027299993,10,2020-03-05 16:28:19,LH_CREATE,2020-03-05 16:28:19,Y,Y
100,0027306420,10,2020-03-05 16:28:19,LH_CREATE,2020-03-05 16:28:19,Y,Y
100,0027307702,10,2020-03-05 16:28:19,LH_CREATE,2020-03-05 16:28:19,Y,Y
100,0027308084,10,2020-03-05 16:28:19,LH_CREATE,2020-03-05 16:28:19,N,Y
100,0027314991,10,2020-03-05 16:28:19,LH_CREATE,2020-03-05 16:28:19,Y,Y
100,0027366401,10,2020-03-05 16:28:19,LH_CREATE,2020-03-05 16:28:19,Y,Y
100,0027374866,10,2020-03-05 16:28:19,LH_CREATE,2020-03-05 16:28:19,Y,Y
100,0027405672,08,2020-03-05 16:28:19,LH_CREATE,2020-03-05 16:28:19,Y,Y
100,0027411802,08,2020-03-05 16:28:19,LH_CREATE,2020-03-05 16:28:19,N,Y
100,0027414633,08,2020-03-05 16:28:19,LH_CREATE,2020-03-05 16:28:19,N,Y
100,0027426489,10,2020-03-05 16:28:19,LH_CREATE,2020-03-05 16:28:19,Y,Y
100,0027434254,05,2020-03-05 16:28:19,LH_CREATE,2020-03-05 16:28:19,Y,Y
100,0027435251,10,2020-03-05 16:28:19,LH_CREATE,2020-03-05 16:28:19,Y,Y
100,0027436190,10,2020-03-05 16:28:19,LH_CREATE,2020-03-05 16:28:19,Y,Y
100,0027437916,08,2020-03-05 16:28:19,LH_CREATE,2020-03-05 16:28:19,Y,Y
100,0027452509,10,2020-03-05 16:28:19,LH_CREATE,2020-03-05 16:28:19,N,Y
100,0027481091,10,2020-03-05 16:28:19,LH_CREATE,2020-03-05 16:28:19,N,Y
100,0027487598,06,2020-03-05 16:28:19,LH_CREATE,2020-03-05 16:28:19,Y,Y
100,0027509887,10,2020-03-05 16:28:19,LH_CREATE,2020-03-05 16:28:19,Y,Y
100,0027521243,10,2020-03-05 16:28:19,LH_CREATE,2020-03-05 16:28:19,N,Y
100,0027527078,09,2020-03-05 16:28:19,LH_CREATE,2020-03-31 05:03:48,Y,Y
100,0027680356,08,2020-03-05 16:28:19,LH_CREATE,2020-03-05 16:28:19,N,Y
100,0027680780,10,2020-03-05 16:28:19,LH_CREATE,2020-03-05 16:28:19,Y,Y
100,0027690199,08,2020-03-05 16:28:19,LH_CREATE,2020-03-05 16:28:19,Y,Y
100,0027703126,10,2020-03-05 16:28:19,LH_CREATE,2020-03-05 16:28:19,Y,Y
100,0027711985,08,2020-03-05 16:28:19,LH_CREATE,2020-03-05 16:28:19,Y,Y
100,0027722242,08,2020-03-05 16:28:19,LH_CREATE,2020-03-05 16:28:19,Y,Y
100,0027729148,10,2020-03-05 16:28:19,LH_CREATE,2020-03-05 16:28:19,Y,Y
100,0027774309,07,2020-03-05 16:28:19,LH_CREATE,2020-03-05 16:28:19,Y,Y
100,0027782132,10,2020-03-05 16:28:19,LH_CREATE,2020-03-05 16:28:19,N,Y
100,0027792848,10,2020-03-05 16:28:19,LH_CREATE,2020-03-05 16:28:19,Y,Y
100,0027796804,10,2020-03-05 16:28:19,LH_CREATE,2020-03-05 16:28:19,Y,Y
100,0027817555,10,2020-03-05 16:28:19,LH_CREATE,2020-03-05 16:28:19,Y,Y
100,0027837427,10,2020-03-05 16:28:19,LH_CREATE,2020-03-05 16:28:19,N,Y
100,0027843945,08,2020-03-05 16:28:19,LH_CREATE,2020-03-05 16:28:19,Y,Y
100,0027846731,10,2020-03-05 16:28:19,LH_CREATE,2020-03-05 16:28:19,Y,Y
100,0027877326,10,2020-03-05 16:28:19,LH_CREATE,2020-03-05 16:28:19,Y,Y
100,0027890568,08,2020-03-05 16:28:19,LH_CREATE,2020-03-05 16:28:19,Y,Y
100,0027894186,10,2020-03-05 16:28:19,LH_CREATE,2020-03-05 16:28:19,Y,Y
100,0027902765,10,2020-03-05 16:28:19,LH_CREATE,2020-03-05 16:28:19,Y,Y
100,0027902967,10,2020-03-05 16:28:19,LH_CREATE,2020-03-05 16:28:19,N,Y
100,0027916662,08,2020-03-05 16:28:19,LH_CREATE,2020-03-05 16:28:19,Y,Y
100,0027939775,09,2020-03-05 16:28:19,LH_CREATE,2020-03-05 16:28:19,N,Y
100,0027948713,09,2020-03-05 16:28:19,LH_CREATE,2020-03-05 16:28:19,N,Y
100,0027954302,10,2020-03-05 16:28:19,LH_CREATE,2020-03-05 16:28:19,Y,Y
100,0028002928,10,2020-03-05 16:28:19,LH_CREATE,2020-03-05 16:28:19,Y,Y
100,0028031046,10,2020-03-05 16:28:19,LH_CREATE,2020-03-05 16:28:19,Y,Y
100,0028033568,10,2020-03-05 16:28:19,LH_CREATE,2020-03-05 16:28:19,Y,Y
100,0028033692,08,2020-03-05 16:28:19,LH_CREATE,2020-03-05 16:28:19,Y,Y
100,0028930100,10,2020-03-05 16:28:19,LH_CREATE,2020-03-05 16:28:19,Y,Y
100,0028943278,08,2020-03-05 16:28:19,LH_CREATE,2020-03-05 16:28:19,N,Y
100,0028956874,08,2020-03-05 16:28:19,LH_CREATE,2020-03-05 16:28:19,Y,Y
100,0028969681,05,2020-03-05 16:28:19,LH_CREATE,2020-03-05 16:28:19,Y,Y
100,0028982835,10,2020-03-05 16:28:19,LH_CREATE,2020-03-05 16:28:19,Y,Y
100,0028982857,09,2020-03-05 16:28:19,LH_CREATE,2020-03-05 16:28:19,N,Y
100,0029179232,08,2020-03-05 16:28:19,LH_CREATE,2020-03-05 16:28:19,N,Y
100,0029186799,10,2020-03-05 16:28:19,LH_CREATE,2020-03-05 16:28:19,Y,Y
100,0029194696,08,2020-03-05 16:28:19,LH_CREATE,2020-03-05 16:28:19,N,Y
100,0029676381,10,2020-03-05 16:53:13,LH_CREATE,2020-03-05 16:53:13,N,Y
100,0029717890,10,2020-03-05 16:53:13,LH_CREATE,2020-03-05 16:53:13,Y,Y
100,0029722576,10,2020-03-05 16:53:13,LH_CREATE,2020-03-05 16:53:13,Y,Y
100,0029825098,05,2020-03-05 16:53:13,LH_CREATE,2020-03-05 16:53:13,N,Y
100,0029841565,10,2020-03-05 16:53:13,LH_CREATE,2020-03-05 16:53:13,N,Y
100,0029866706,10,2020-03-05 16:53:13,LH_CREATE,2020-03-05 16:53:13,Y,Y
100,0029932382,10,2020-03-05 16:53:13,LH_CREATE,2020-03-05 16:53:13,N,Y
100,0029934609,10,2020-03-05 16:53:13,LH_CREATE,2020-03-05 16:53:13,Y,Y
100,0029949395,05,2020-03-05 16:53:13,LH_CREATE,2020-03-05 16:53:13,N,Y
100,0029950588,10,2020-03-05 16:53:13,LH_CREATE,2020-03-05 16:53:13,N,Y
100,0029954684,08,2020-03-05 16:53:13,LH_CREATE,2020-03-05 16:53:13,N,Y
100,0029954807,10,2020-03-05 16:53:13,LH_CREATE,2020-03-05 16:53:13,N,Y
100,0029971399,10,2020-03-05 16:53:13,LH_CREATE,2020-03-05 16:53:13,Y,Y
100,0029974147,07,2020-03-05 16:53:13,LH_CREATE,2020-03-05 16:53:13,Y,Y
100,0029975605,10,2020-03-05 16:53:13,LH_CREATE,2020-03-05 16:53:13,Y,Y
100,0029980099,10,2020-03-05 16:53:13,LH_CREATE,2020-03-05 16:53:13,Y,Y
100,0030006204,10,2020-03-05 16:53:13,LH_CREATE,2020-03-05 16:53:13,N,Y
100,0030017491,10,2020-03-05 16:53:13,LH_CREATE,2020-03-05 16:53:13,Y,Y
100,0030017857,10,2020-03-05 16:53:13,LH_CREATE,2020-03-05 16:53:13,Y,Y
100,0030021286,05,2020-03-05 16:53:13,LH_CREATE,2020-03-05 16:53:13,N,Y
100,0030021301,05,2020-03-05 16:53:13,LH_CREATE,2020-03-05 16:53:13,N,Y
100,0030022197,10,2020-03-05 16:53:13,LH_CREATE,2020-03-05 16:53:13,Y,Y
100,0030034564,08,2020-03-05 16:53:13,LH_CREATE,2020-03-05 16:53:13,Y,Y
100,0030098656,07,2020-03-05 16:53:13,LH_CREATE,2020-03-05 16:53:13,Y,Y
100,0030142584,08,2020-03-05 16:53:13,LH_CREATE,2020-03-05 16:53:13,Y,Y
100,0030150427,10,2020-03-05 16:53:13,LH_CREATE,2020-03-05 16:53:13,Y,Y
100,0030152597,10,2020-03-05 16:53:13,LH_CREATE,2020-03-05 16:53:13,Y,Y
100,0030186305,10,2020-03-05 16:53:13,LH_CREATE,2020-03-05 16:53:13,Y,Y
100,0030194023,08,2020-03-05 16:53:13,LH_CREATE,2020-03-05 16:53:13,N,Y
100,0030199115,06,2020-03-20 06:20:04,LH_CREATE,2020-03-20 06:20:04,Y,Y
100,0030199942,08,2020-03-05 16:53:13,LH_CREATE,2020-03-05 16:53:13,N,Y
100,0030204011,06,2020-03-20 06:20:04,LH_CREATE,2020-03-20 06:20:04,Y,Y
100,0030213384,10,2020-03-05 16:53:13,LH_CREATE,2020-03-05 16:53:13,Y,Y
100,0030216960,10,2020-03-05 16:53:13,LH_CREATE,2020-03-05 16:53:13,Y,Y
100,0030229364,10,2020-03-05 16:53:13,LH_CREATE,2020-03-05 16:53:13,N,Y
100,0030245716,09,2020-03-05 16:53:13,LH_CREATE,2020-03-05 16:53:13,N,Y
100,0030251042,06,2020-03-05 16:53:13,LH_CREATE,2020-03-05 16:53:13,N,Y
100,0030251087,10,2020-03-05 16:53:13,LH_CREATE,2020-03-05 16:53:13,N,Y
100,0030296188,10,2020-03-05 16:53:13,LH_CREATE,2020-03-05 16:53:13,Y,Y
100,0030306455,09,2020-03-05 16:53:13,LH_CREATE,2020-03-05 16:53:13,N,Y
100,0030308190,07,2020-03-05 16:53:13,LH_CREATE,2020-03-05 16:53:13,N,Y
100,0030310393,05,2020-03-05 16:53:13,LH_CREATE,2020-03-05 16:53:13,N,Y
100,0030311792,10,2020-03-05 16:53:13,LH_CREATE,2020-03-05 16:53:13,Y,Y
100,0030317077,10,2020-03-05 16:53:13,LH_CREATE,2020-03-05 16:53:13,N,Y
100,0030319803,10,2020-03-05 16:53:13,LH_CREATE,2020-03-05 16:53:13,Y,Y
100,0030337448,10,2020-03-05 16:53:13,LH_CREATE,2020-03-05 16:53:13,Y,Y
100,0030338353,05,2020-03-05 16:53:13,LH_CREATE,2020-03-05 16:53:13,Y,Y
100,0030346547,10,2020-03-05 16:53:13,LH_CREATE,2020-03-05 16:53:13,Y,Y
100,0030347285,10,2020-03-05 16:53:13,LH_CREATE,2020-03-05 16:53:13,Y,Y
100,0030363161,08,2020-03-05 16:53:13,LH_CREATE,2020-03-05 16:53:13,Y,Y
100,0030367206,09,2020-03-05 16:53:13,LH_CREATE,2020-03-05 16:53:13,Y,Y
100,0030374520,00,2020-03-05 16:53:13,LH_CREATE,2020-03-05 16:53:13,Y,Y
100,0030378973,08,2020-03-05 16:53:13,LH_CREATE,2020-03-05 16:53:13,Y,Y
100,0030386306,10,2020-03-05 16:53:13,LH_CREATE,2020-03-05 16:53:13,Y,Y
100,0030401068,08,2020-03-05 16:53:13,LH_CREATE,2020-03-05 16:53:13,Y,Y
100,0030450119,10,2020-03-05 16:53:13,LH_CREATE,2020-03-05 16:53:13,Y,Y
100,0030473772,08,2020-03-05 16:53:13,LH_CREATE,2020-03-05 16:53:13,Y,Y
100,0030473904,10,2020-03-05 16:53:13,LH_CREATE,2020-03-05 16:53:13,Y,Y
100,0011934098,10,2020-03-05 15:22:43,LH_CREATE,2020-03-05 15:22:43,Y,Y
100,0011934162,10,2020-03-05 15:22:43,LH_CREATE,2020-03-05 15:22:43,Y,Y
100,0014504735,10,2020-03-05 15:59:11,LH_CREATE,2020-03-05 15:59:11,Y,Y
100,0014505346,10,2020-03-05 15:59:11,LH_CREATE,2020-03-05 15:59:11,Y,Y
100,0014506649,00,2020-03-05 15:59:11,LH_CREATE,2020-03-05 15:59:11,N,Y
100,0014508752,06,2020-03-05 15:59:11,LH_CREATE,2020-03-05 15:59:11,N,Y
100,0014510170,07,2020-03-05 15:59:11,LH_CREATE,2020-03-05 15:59:11,N,Y
100,0014511525,04,2020-03-05 15:59:11,LH_CREATE,2020-03-05 15:59:11,N,Y
100,0014512671,07,2020-03-05 15:59:11,LH_CREATE,2020-03-05 15:59:11,N,Y
100,0014513449,08,2020-03-05 15:59:11,LH_CREATE,2020-03-05 15:59:11,N,Y
100,0014513564,06,2020-03-05 15:59:11,LH_CREATE,2020-03-05 15:59:11,N,Y
100,0014513722,10,2020-03-05 15:59:11,LH_CREATE,2020-03-05 15:59:11,Y,Y
100,0014514357,10,2020-03-05 15:59:11,LH_CREATE,2020-03-05 15:59:11,Y,Y
100,0014514358,10,2020-03-05 15:59:11,LH_CREATE,2020-03-05 15:59:11,Y,Y
100,0014515295,08,2020-03-05 15:59:11,LH_CREATE,2020-03-05 15:59:11,N,Y
100,0014515325,07,2020-03-05 15:59:11,LH_CREATE,2020-03-05 15:59:11,N,Y
100,0014518701,10,2020-03-05 15:59:11,LH_CREATE,2020-03-05 15:59:11,N,Y
100,0014518803,08,2020-03-05 15:59:11,LH_CREATE,2020-03-05 15:59:11,N,Y
100,0014519575,10,2020-03-05 15:59:11,LH_CREATE,2020-03-05 15:59:11,Y,Y
100,0014519810,10,2020-03-05 15:59:11,LH_CREATE,2020-03-05 15:59:11,Y,Y
100,0014520021,06,2020-03-05 15:59:11,LH_CREATE,2020-03-05 15:59:11,N,Y
100,0014520034,06,2020-03-05 15:59:11,LH_CREATE,2020-03-05 15:59:11,N,Y
100,0014520049,06,2020-03-05 15:59:11,LH_CREATE,2020-03-05 15:59:11,N,Y
100,0014520873,10,2020-03-05 15:59:11,LH_CREATE,2020-03-05 15:59:11,Y,Y
100,0014521583,05,2020-03-05 15:59:11,LH_CREATE,2020-03-05 15:59:11,N,Y
100,0014521736,10,2020-03-05 15:59:11,LH_CREATE,2020-03-05 15:59:11,Y,Y
100,0014523831,06,2020-03-05 15:59:11,LH_CREATE,2020-03-05 15:59:11,N,Y
100,0014524359,08,2020-03-05 15:59:11,LH_CREATE,2020-03-05 15:59:11,N,Y
100,0014526911,10,2020-03-05 15:59:11,LH_CREATE,2020-03-05 15:59:11,N,Y
100,0014527930,10,2020-03-05 15:59:11,LH_CREATE,2020-03-05 15:59:11,N,Y
100,0014528826,10,2020-03-05 15:59:11,LH_CREATE,2020-03-05 15:59:11,N,Y
100,0014529270,10,2020-03-05 15:59:11,LH_CREATE,2020-03-05 15:59:11,Y,Y
100,0014529337,06,2020-03-05 15:59:11,LH_CREATE,2020-03-05 15:59:11,N,Y
100,0014529616,10,2020-03-05 15:59:11,LH_CREATE,2020-03-05 15:59:11,N,Y
100,0014529728,10,2020-03-05 15:59:11,LH_CREATE,2020-03-05 15:59:11,N,Y
100,0014531726,10,2020-03-05 15:59:11,LH_CREATE,2020-03-05 15:59:11,Y,Y
100,0014533339,05,2020-03-05 15:59:11,LH_CREATE,2020-03-05 15:59:11,N,Y
100,0014533374,10,2020-03-05 15:59:11,LH_CREATE,2020-03-05 15:59:11,Y,Y
100,0014533994,06,2020-03-05 15:59:11,LH_CREATE,2020-03-05 15:59:11,N,Y
100,0014534112,10,2020-03-05 15:59:11,LH_CREATE,2020-03-05 15:59:11,N,Y
100,0014534972,10,2020-03-05 15:59:11,LH_CREATE,2020-03-05 15:59:11,Y,Y
100,0014535805,10,2020-03-05 15:59:11,LH_CREATE,2020-03-05 15:59:11,N,Y
100,0014536243,10,2020-03-05 15:59:11,LH_CREATE,2020-03-05 15:59:11,Y,Y
100,0014538276,08,2020-03-05 15:59:11,LH_CREATE,2020-03-05 15:59:11,Y,Y
100,0014541973,10,2020-03-05 15:59:11,LH_CREATE,2020-03-05 15:59:11,N,Y
100,0014542557,10,2020-03-05 15:59:11,LH_CREATE,2020-03-05 15:59:11,N,Y
100,0014543163,09,2020-03-05 15:59:11,LH_CREATE,2020-03-05 15:59:11,N,Y
100,0014543371,10,2020-03-05 15:59:11,LH_CREATE,2020-03-05 15:59:11,N,Y
100,0014543801,10,2020-03-05 15:59:11,LH_CREATE,2020-03-05 15:59:11,Y,Y
100,0014545197,10,2020-03-05 15:59:11,LH_CREATE,2020-03-05 15:59:11,Y,Y
100,0014546260,10,2020-03-05 15:59:11,LH_CREATE,2020-03-05 15:59:11,Y,Y
100,0014547220,07,2020-03-05 15:59:11,LH_CREATE,2020-03-05 15:59:11,N,Y
100,0014547474,00,2020-03-05 15:59:11,LH_CREATE,2020-03-05 15:59:11,N,Y
100,0014547495,00,2020-03-05 15:59:11,LH_CREATE,2020-03-05 15:59:11,Y,Y
100,0014548674,10,2020-03-05 15:59:11,LH_CREATE,2020-03-05 15:59:11,Y,Y
100,0014549292,00,2020-03-05 15:59:11,LH_CREATE,2020-03-05 15:59:11,N,Y
100,0014549296,09,2020-03-05 15:59:11,LH_CREATE,2020-03-05 15:59:11,N,Y
100,0014549425,06,2020-03-05 15:59:11,LH_CREATE,2020-03-05 15:59:11,Y,Y
100,0014551956,10,2020-03-05 15:59:11,LH_CREATE,2020-03-05 15:59:11,Y,Y
100,0014552881,07,2020-03-05 15:59:11,LH_CREATE,2020-03-05 15:59:11,Y,Y
100,0014553138,10,2020-03-05 15:59:11,LH_CREATE,2020-03-05 15:59:11,N,Y
100,0014554358,06,2020-03-05 15:59:11,LH_CREATE,2020-03-05 15:59:11,N,Y
100,0014554831,10,2020-03-05 15:59:11,LH_CREATE,2020-03-05 15:59:11,Y,Y
100,0014555781,10,2020-03-05 15:59:11,LH_CREATE,2020-03-05 15:59:11,Y,Y
100,0014557420,10,2020-03-05 15:59:11,LH_CREATE,2020-03-05 15:59:11,N,Y
100,0014557714,10,2020-03-05 15:59:11,LH_CREATE,2020-03-05 15:59:11,Y,Y
100,0014557924,05,2020-03-05 15:59:11,LH_CREATE,2020-03-05 15:59:11,N,Y
100,0014557926,10,2020-03-05 15:59:11,LH_CREATE,2020-03-05 15:59:11,Y,Y
100,0014559338,10,2020-03-05 15:59:11,LH_CREATE,2020-03-05 15:59:11,Y,Y
100,0014560632,10,2020-03-05 15:59:11,LH_CREATE,2020-03-05 15:59:11,Y,Y
100,0014561462,09,2020-03-05 15:59:11,LH_CREATE,2020-03-05 15:59:11,Y,Y
100,0014563034,10,2020-03-05 15:59:11,LH_CREATE,2020-03-05 15:59:11,Y,Y
100,0014564372,08,2020-03-05 15:59:11,LH_CREATE,2020-03-05 15:59:11,N,Y
100,0014568109,08,2020-03-05 15:59:11,LH_CREATE,2020-03-05 15:59:11,Y,Y
100,0014568177,10,2020-03-05 15:59:11,LH_CREATE,2020-03-05 15:59:11,Y,Y
100,0014569523,10,2020-03-05 15:59:11,LH_CREATE,2020-03-05 15:59:11,Y,Y
100,0014570508,10,2020-03-05 15:59:11,LH_CREATE,2020-03-05 15:59:11,Y,Y
100,0014570885,08,2020-03-05 15:59:11,LH_CREATE,2020-03-05 15:59:11,Y,Y
100,0014571278,10,2020-03-05 15:59:11,LH_CREATE,2020-03-05 15:59:11,Y,Y
100,0014572429,07,2020-03-05 15:59:11,LH_CREATE,2020-03-05 15:59:11,N,Y
100,0014572659,06,2020-03-05 15:59:11,LH_CREATE,2020-03-05 15:59:11,N,Y
100,0014572672,06,2020-03-05 15:59:11,LH_CREATE,2020-03-05 15:59:11,N,Y
100,0014573443,10,2020-03-05 15:59:11,LH_CREATE,2020-03-05 15:59:11,Y,Y
100,0014573582,07,2020-03-05 15:59:11,LH_CREATE,2020-03-05 15:59:11,N,Y
100,0014577003,10,2020-03-05 15:59:11,LH_CREATE,2020-03-05 15:59:11,N,Y
100,0014578057,04,2020-03-05 15:59:11,LH_CREATE,2020-03-05 15:59:11,N,Y
100,0014578400,08,2020-03-05 15:59:11,LH_CREATE,2020-03-05 15:59:11,Y,Y
100,0014581635,07,2020-03-05 15:59:11,LH_CREATE,2020-03-05 15:59:11,N,Y
100,0014581657,05,2020-03-05 15:59:11,LH_CREATE,2020-03-05 15:59:11,N,Y
100,0014581686,06,2020-03-05 15:59:11,LH_CREATE,2020-03-05 15:59:11,N,Y
100,0014581692,06,2020-03-05 15:59:11,LH_CREATE,2020-03-05 15:59:11,N,Y
100,0014582344,10,2020-03-05 15:59:11,LH_CREATE,2020-03-05 15:59:11,N,Y
100,0014822753,06,2020-03-05 15:59:11,LH_CREATE,2020-03-05 15:59:11,N,Y
100,0014830840,05,2020-03-05 15:59:11,LH_CREATE,2020-03-05 15:59:11,N,Y
100,0014835636,07,2020-03-05 15:59:11,LH_CREATE,2020-03-05 15:59:11,Y,Y
100,0014837540,10,2020-03-05 15:59:11,LH_CREATE,2020-03-05 15:59:11,Y,Y
100,0014838434,10,2020-03-05 15:59:11,LH_CREATE,2020-03-05 15:59:11,Y,Y
100,0014840230,05,2020-03-05 15:59:11,LH_CREATE,2020-03-05 15:59:11,N,Y
100,0014841199,10,2020-03-05 15:59:11,LH_CREATE,2020-03-05 15:59:11,Y,Y
100,0014841985,05,2020-03-05 15:59:11,LH_CREATE,2020-03-05 15:59:11,N,Y
100,0014842886,05,2020-03-05 15:59:11,LH_CREATE,2020-03-05 15:59:11,N,Y
100,0014844133,05,2020-03-05 15:59:11,LH_CREATE,2020-03-05 15:59:11,N,Y
100,0014844160,05,2020-03-05 15:59:11,LH_CREATE,2020-03-05 15:59:11,N,Y
100,0014844168,09,2020-03-05 15:59:11,LH_CREATE,2020-03-05 15:59:11,Y,Y
100,0014844322,05,2020-03-05 15:59:11,LH_CREATE,2020-03-05 15:59:11,N,Y
100,0014845268,10,2020-03-05 15:59:11,LH_CREATE,2020-03-05 15:59:11,Y,Y
100,0014845728,10,2020-03-05 15:59:11,LH_CREATE,2020-03-05 15:59:11,Y,Y
100,0014846876,10,2020-03-05 15:59:11,LH_CREATE,2020-03-05 15:59:11,N,Y
100,0014847243,07,2020-03-05 15:59:11,LH_CREATE,2020-03-05 15:59:11,N,Y
100,0014847266,08,2020-03-05 15:59:11,LH_CREATE,2020-03-05 15:59:11,N,Y
100,0014850601,10,2020-03-05 15:59:11,LH_CREATE,2020-03-05 15:59:11,N,Y
100,0014851032,05,2020-03-05 15:59:11,LH_CREATE,2020-03-05 15:59:11,N,Y
100,0014854202,10,2020-03-05 15:59:11,LH_CREATE,2020-03-05 15:59:11,Y,Y
100,0014855065,08,2020-03-05 15:59:11,LH_CREATE,2020-03-05 15:59:11,N,Y
100,0014856986,10,2020-03-05 15:59:11,LH_CREATE,2020-03-05 15:59:11,Y,Y
100,0014858097,10,2020-03-05 15:59:11,LH_CREATE,2020-03-05 15:59:11,N,Y
100,0014858281,06,2020-03-05 15:59:11,LH_CREATE,2020-03-05 15:59:11,N,Y
100,0014860737,10,2020-03-05 15:59:11,LH_CREATE,2020-03-05 15:59:11,Y,Y
100,0014860769,06,2020-03-05 15:59:11,LH_CREATE,2020-03-05 15:59:11,N,Y
100,0014863817,10,2020-03-05 15:59:11,LH_CREATE,2020-03-05 15:59:11,N,Y
100,0014864062,10,2020-03-05 15:59:11,LH_CREATE,2020-03-05 15:59:11,N,Y
100,0014864092,08,2020-03-05 15:59:11,LH_CREATE,2020-03-05 15:59:11,N,Y
100,0014866682,08,2020-03-05 15:59:11,LH_CREATE,2020-03-05 15:59:11,N,Y
100,0014866917,09,2020-03-05 15:59:11,LH_CREATE,2020-03-05 15:59:11,N,Y
100,0014866945,10,2020-03-05 15:59:11,LH_CREATE,2020-03-05 15:59:11,N,Y
100,0014868842,07,2020-03-05 15:59:11,LH_CREATE,2020-03-05 15:59:11,N,Y
100,0014869467,10,2020-03-05 15:59:11,LH_CREATE,2020-03-05 15:59:11,Y,Y
100,0014869702,10,2020-03-05 15:59:11,LH_CREATE,2020-03-05 15:59:11,N,Y
100,0014870172,06,2020-03-05 15:59:11,LH_CREATE,2020-03-05 15:59:11,N,Y
100,0014870567,06,2020-03-05 15:59:11,LH_CREATE,2020-03-05 15:59:11,N,Y
100,0014873341,00,2020-03-05 15:59:11,LH_CREATE,2020-03-05 15:59:11,N,Y
100,0014873346,00,2020-03-05 15:59:11,LH_CREATE,2020-03-05 15:59:11,N,Y
100,0014873367,00,2020-03-05 15:59:11,LH_CREATE,2020-03-05 15:59:11,N,Y
100,0014873399,00,2020-03-05 15:59:11,LH_CREATE,2020-03-05 15:59:11,N,Y
100,0014874287,00,2020-03-05 15:59:11,LH_CREATE,2020-03-05 15:59:11,N,Y
100,0014874370,00,2020-03-05 15:59:11,LH_CREATE,2020-03-05 15:59:11,N,Y
100,0014875268,00,2020-03-05 15:59:11,LH_CREATE,2020-03-05 15:59:11,Y,Y
100,0014875276,00,2020-03-05 15:59:11,LH_CREATE,2020-03-05 15:59:11,N,Y
100,0014875284,00,2020-03-05 15:59:11,LH_CREATE,2020-03-05 15:59:11,N,Y
100,0014875321,00,2020-03-05 15:59:11,LH_CREATE,2020-03-05 15:59:11,N,Y
100,0014875328,00,2020-03-05 15:59:11,LH_CREATE,2020-03-05 15:59:11,N,Y
100,0014875335,00,2020-03-05 15:59:11,LH_CREATE,2020-03-05 15:59:11,N,Y
100,0014875357,00,2020-03-05 15:59:11,LH_CREATE,2020-03-05 15:59:11,N,Y
100,0014875364,10,2020-03-05 15:59:11,LH_CREATE,2020-03-05 15:59:11,Y,Y
100,0014876417,10,2020-03-05 15:59:11,LH_CREATE,2020-03-05 15:59:11,Y,Y
100,0014877653,07,2020-03-05 15:59:11,LH_CREATE,2020-03-05 15:59:11,N,Y
100,0014879709,10,2020-03-05 15:59:11,LH_CREATE,2020-03-05 15:59:11,Y,Y
100,0014882721,10,2020-03-05 15:59:11,LH_CREATE,2020-03-05 15:59:11,N,Y
100,0014884505,08,2020-03-05 15:59:11,LH_CREATE,2020-03-05 15:59:11,Y,Y
100,0014884716,10,2020-03-05 15:59:11,LH_CREATE,2020-03-05 15:59:11,N,Y
100,0014885199,08,2020-03-05 15:59:11,LH_CREATE,2020-03-05 15:59:11,N,Y
100,0014888216,10,2020-03-05 15:59:11,LH_CREATE,2020-03-05 15:59:11,Y,Y
100,0014890181,10,2020-03-05 15:59:11,LH_CREATE,2020-03-05 15:59:11,N,Y
100,0014891927,08,2020-03-05 15:59:11,LH_CREATE,2020-03-05 15:59:11,N,Y
100,0014893188,10,2020-03-05 15:59:11,LH_CREATE,2020-03-05 15:59:11,Y,Y
100,0014895973,08,2020-03-05 15:59:11,LH_CREATE,2020-03-05 15:59:11,N,Y
100,0014896634,08,2020-03-05 15:59:11,LH_CREATE,2020-03-05 15:59:11,N,Y
100,0014899552,04,2020-03-05 15:59:11,LH_CREATE,2020-03-05 15:59:11,N,Y
100,0014900476,08,2020-03-05 15:59:11,LH_CREATE,2020-03-05 15:59:11,N,Y
100,0014901634,07,2020-03-05 15:59:11,LH_CREATE,2020-03-05 15:59:11,N,Y
100,0014902014,10,2020-03-05 15:59:11,LH_CREATE,2020-03-05 15:59:11,N,Y
100,0014902306,10,2020-03-05 15:59:11,LH_CREATE,2020-03-05 15:59:11,N,Y
100,0014902375,10,2020-03-05 15:59:11,LH_CREATE,2020-03-05 15:59:11,N,Y
100,0014905817,10,2020-03-05 15:59:11,LH_CREATE,2020-03-05 15:59:11,N,Y
100,0014907661,08,2020-03-05 15:59:11,LH_CREATE,2020-03-05 15:59:11,N,Y
100,0014909842,10,2020-03-05 15:59:11,LH_CREATE,2020-03-05 15:59:11,Y,Y
100,0014910407,10,2020-03-05 15:59:11,LH_CREATE,2020-03-05 15:59:11,N,Y
100,0014910767,05,2020-03-05 15:59:11,LH_CREATE,2020-03-05 15:59:11,N,Y
100,0014911880,10,2020-03-05 15:59:11,LH_CREATE,2020-03-05 15:59:11,Y,Y
100,0014911945,07,2020-03-05 15:59:11,LH_CREATE,2020-03-05 15:59:11,N,Y
100,0014912967,10,2020-03-05 15:59:11,LH_CREATE,2020-03-05 15:59:11,N,Y
100,0014915670,08,2020-03-05 15:59:11,LH_CREATE,2020-03-05 15:59:11,Y,Y
100,0014917222,10,2020-03-05 15:59:11,LH_CREATE,2020-03-05 15:59:11,N,Y
100,0014917238,06,2020-03-05 15:59:11,LH_CREATE,2020-03-05 15:59:11,N,Y
100,0014918545,10,2020-03-05 15:59:11,LH_CREATE,2020-03-05 15:59:11,N,Y
100,0014920911,10,2020-03-05 15:59:11,LH_CREATE,2020-03-05 15:59:11,Y,Y
100,0014921058,06,2020-03-05 15:59:11,LH_CREATE,2020-03-05 15:59:11,N,Y
100,0014921533,10,2020-03-05 15:59:11,LH_CREATE,2020-03-05 15:59:11,N,Y
100,0014921542,10,2020-03-05 15:59:11,LH_CREATE,2020-03-05 15:59:11,Y,Y
100,0014926343,00,2020-03-05 15:59:11,LH_CREATE,2020-03-05 15:59:11,Y,Y
100,0014927400,10,2020-03-05 15:59:11,LH_CREATE,2020-03-05 15:59:11,N,Y
100,0014927831,10,2020-03-05 15:59:11,LH_CREATE,2020-03-05 15:59:11,N,Y
100,0014928991,09,2020-03-05 15:59:11,LH_CREATE,2020-03-05 15:59:11,N,Y
100,0014929107,10,2020-03-05 15:59:11,LH_CREATE,2020-03-05 15:59:11,N,Y
100,0014930019,10,2020-03-05 15:59:11,LH_CREATE,2020-03-05 15:59:11,N,Y
100,0014932162,10,2020-03-05 15:59:11,LH_CREATE,2020-03-05 15:59:11,N,Y
100,0014933856,10,2020-03-05 15:59:11,LH_CREATE,2020-03-05 15:59:11,Y,Y
100,0014935291,10,2020-03-05 15:59:11,LH_CREATE,2020-03-05 15:59:11,Y,Y
100,0015456869,06,2020-03-05 15:59:11,LH_CREATE,2020-03-05 15:59:11,Y,Y
100,0015458692,08,2020-03-05 15:59:11,LH_CREATE,2020-03-05 15:59:11,N,Y
100,0015458786,10,2020-03-05 15:59:12,LH_CREATE,2020-03-05 15:59:12,N,Y
100,0015458815,08,2020-03-05 15:59:11,LH_CREATE,2020-03-05 15:59:11,Y,Y
100,0015461009,07,2020-03-05 15:59:12,LH_CREATE,2020-03-05 15:59:12,N,Y
100,0015461582,10,2020-03-05 15:59:12,LH_CREATE,2020-03-05 15:59:12,Y,Y
100,0015462056,08,2020-03-05 15:59:11,LH_CREATE,2020-03-05 15:59:11,N,Y
100,0015463012,10,2020-03-05 15:59:12,LH_CREATE,2020-03-05 15:59:12,Y,Y
100,0015463064,08,2020-03-05 15:59:12,LH_CREATE,2020-03-05 15:59:12,N,Y
100,0015464248,07,2020-03-05 15:59:11,LH_CREATE,2020-03-05 15:59:11,N,Y
100,0015464464,05,2020-03-05 15:59:11,LH_CREATE,2020-03-05 15:59:11,N,Y
100,0015464547,10,2020-03-05 15:59:11,LH_CREATE,2020-03-05 15:59:11,Y,Y
100,0015465202,10,2020-03-05 15:59:11,LH_CREATE,2020-03-05 15:59:11,N,Y
100,0015466158,08,2020-03-05 15:59:11,LH_CREATE,2020-03-05 15:59:11,N,Y
100,0015467188,07,2020-03-05 15:59:11,LH_CREATE,2020-03-05 15:59:11,N,Y
100,0015471849,10,2020-03-05 15:59:12,LH_CREATE,2020-03-05 15:59:12,N,Y
100,0015472194,10,2020-03-05 15:59:11,LH_CREATE,2020-03-05 15:59:11,Y,Y
100,0015473240,10,2020-03-05 15:59:12,LH_CREATE,2020-03-05 15:59:12,Y,Y
100,0015474210,08,2020-03-05 15:59:11,LH_CREATE,2020-03-05 15:59:11,N,Y
100,0015474824,10,2020-03-05 15:59:11,LH_CREATE,2020-03-05 15:59:11,N,Y
100,0015475023,06,2020-03-05 15:59:11,LH_CREATE,2020-03-05 15:59:11,N,Y
100,0015475316,00,2020-03-05 15:59:12,LH_CREATE,2020-03-05 15:59:12,Y,Y
100,0015475340,00,2020-03-05 15:59:11,LH_CREATE,2020-03-05 15:59:11,N,Y
100,0015475388,10,2020-03-05 15:59:12,LH_CREATE,2020-03-05 15:59:12,N,Y
100,0015475777,10,2020-03-05 15:59:11,LH_CREATE,2020-03-05 15:59:11,N,Y
100,0015475897,10,2020-03-05 15:59:12,LH_CREATE,2020-03-05 15:59:12,N,Y
100,0015475932,00,2020-03-05 15:59:11,LH_CREATE,2020-03-05 15:59:11,Y,Y
100,0015475956,10,2020-03-05 15:59:11,LH_CREATE,2020-03-05 15:59:11,N,Y
100,0015476472,10,2020-03-05 15:59:11,LH_CREATE,2020-03-05 15:59:11,N,Y
100,0015476627,10,2020-03-05 15:59:11,LH_CREATE,2020-03-05 15:59:11,Y,Y
100,0015476725,10,2020-03-05 15:59:12,LH_CREATE,2020-03-05 15:59:12,Y,Y
100,0015477368,00,2020-03-05 15:59:11,LH_CREATE,2020-03-05 15:59:11,N,Y
100,0015478022,10,2020-03-05 15:59:11,LH_CREATE,2020-03-05 15:59:11,N,Y
100,0015478039,05,2020-03-05 15:59:11,LH_CREATE,2020-03-05 15:59:11,N,Y
100,0015479272,10,2020-03-05 15:59:11,LH_CREATE,2020-03-05 15:59:11,Y,Y
100,0015479904,10,2020-03-05 15:59:11,LH_CREATE,2020-03-05 15:59:11,N,Y
100,0015481489,00,2020-03-05 15:59:11,LH_CREATE,2020-03-05 15:59:11,Y,Y
100,0015481492,10,2020-03-05 15:59:12,LH_CREATE,2020-03-05 15:59:12,N,Y
100,0015482398,09,2020-03-05 15:59:11,LH_CREATE,2020-03-05 15:59:11,N,Y
100,0015482909,10,2020-03-05 15:59:11,LH_CREATE,2020-03-05 15:59:11,N,Y
100,0015482942,08,2020-03-05 15:59:11,LH_CREATE,2020-03-05 15:59:11,N,Y
100,0015483812,10,2020-03-05 15:59:11,LH_CREATE,2020-03-05 15:59:11,N,Y
100,0015484085,10,2020-03-05 15:59:11,LH_CREATE,2020-03-05 15:59:11,N,Y
100,0015484351,10,2020-03-05 15:59:11,LH_CREATE,2020-03-05 15:59:11,N,Y
100,0015484401,08,2020-03-05 15:59:11,LH_CREATE,2020-03-05 15:59:11,Y,Y
100,0015487877,07,2020-03-05 15:59:11,LH_CREATE,2020-03-05 15:59:11,Y,Y
100,0015488064,10,2020-03-05 15:59:11,LH_CREATE,2020-03-05 15:59:11,N,Y
100,0015488746,00,2020-03-05 15:59:11,LH_CREATE,2020-03-05 15:59:11,N,Y
100,0015490487,10,2020-03-05 15:59:11,LH_CREATE,2020-03-05 15:59:11,Y,Y
100,0015491350,10,2020-03-05 15:59:11,LH_CREATE,2020-03-05 15:59:11,N,Y
100,0015491582,10,2020-03-05 15:59:11,LH_CREATE,2020-03-05 15:59:11,Y,Y
100,0015491600,10,2020-03-05 15:59:11,LH_CREATE,2020-03-05 15:59:11,N,Y
100,0015492617,09,2020-03-05 15:59:12,LH_CREATE,2020-03-05 15:59:12,N,Y
100,0015493210,08,2020-03-05 15:59:11,LH_CREATE,2020-03-05 15:59:11,N,Y
100,0015494048,08,2020-03-05 15:59:11,LH_CREATE,2020-03-05 15:59:11,Y,Y
100,0015494933,10,2020-03-05 15:59:11,LH_CREATE,2020-03-05 15:59:11,N,Y
100,0015495006,08,2020-03-05 15:59:11,LH_CREATE,2020-03-05 15:59:11,Y,Y
100,0015495350,10,2020-03-05 15:59:12,LH_CREATE,2020-03-05 15:59:12,N,Y
100,0015495544,10,2020-03-05 15:59:11,LH_CREATE,2020-03-05 15:59:11,N,Y
100,0015496647,09,2020-03-05 15:59:12,LH_CREATE,2020-03-05 15:59:12,Y,Y
100,0015496700,00,2020-03-05 15:59:11,LH_CREATE,2020-03-05 15:59:11,N,Y
100,0015496714,10,2020-03-05 15:59:11,LH_CREATE,2020-03-05 15:59:11,N,Y
100,0015497680,10,2020-03-05 15:59:11,LH_CREATE,2020-03-05 15:59:11,Y,Y
100,0015497693,10,2020-03-05 15:59:12,LH_CREATE,2020-03-05 15:59:12,N,Y
100,0015498115,10,2020-03-05 15:59:12,LH_CREATE,2020-03-05 15:59:12,N,Y
100,0015501806,00,2020-03-05 15:59:12,LH_CREATE,2020-03-05 15:59:12,N,Y
100,0015502206,00,2020-03-05 15:59:12,LH_CREATE,2020-03-05 15:59:12,N,Y
100,0015503010,08,2020-03-05 15:59:11,LH_CREATE,2020-03-05 15:59:11,N,Y
100,0015503033,08,2020-03-05 15:59:11,LH_CREATE,2020-03-05 15:59:11,N,Y
100,0015503341,10,2020-03-05 15:59:12,LH_CREATE,2020-03-05 15:59:12,Y,Y
100,0015503998,08,2020-03-05 15:59:11,LH_CREATE,2020-03-05 15:59:11,N,Y
100,0015504063,10,2020-03-05 15:59:11,LH_CREATE,2020-03-05 15:59:11,N,Y
100,0015505509,05,2020-03-05 15:59:11,LH_CREATE,2020-03-05 15:59:11,N,Y
100,0015507165,10,2020-03-05 15:59:12,LH_CREATE,2020-03-05 15:59:12,N,Y
100,0015507670,10,2020-03-05 15:59:11,LH_CREATE,2020-03-05 15:59:11,Y,Y
100,0015509186,09,2020-03-05 15:59:11,LH_CREATE,2020-03-05 15:59:11,N,Y
100,0015509469,07,2020-03-05 15:59:11,LH_CREATE,2020-03-05 15:59:11,N,Y
100,0015510255,07,2020-03-05 15:59:12,LH_CREATE,2020-03-05 15:59:12,N,Y
100,0015510910,10,2020-03-05 15:59:11,LH_CREATE,2020-03-05 15:59:11,N,Y
100,0015515369,08,2020-03-05 15:59:11,LH_CREATE,2020-03-05 15:59:11,N,Y
100,0015519549,07,2020-03-05 15:59:12,LH_CREATE,2020-03-05 15:59:12,N,Y
100,0015520348,09,2020-03-05 15:59:11,LH_CREATE,2020-03-05 15:59:11,N,Y
100,0015520472,08,2020-03-05 15:59:11,LH_CREATE,2020-03-05 15:59:11,Y,Y
100,0015524341,10,2020-03-05 15:59:12,LH_CREATE,2020-03-11 05:13:31,N,Y
100,0015524434,09,2020-03-05 15:59:12,LH_CREATE,2020-03-05 15:59:12,N,Y
100,0015526644,06,2020-03-05 15:59:12,LH_CREATE,2020-03-05 15:59:12,N,Y
100,0015528381,10,2020-03-05 15:59:12,LH_CREATE,2020-03-05 15:59:12,N,Y
100,0015529042,06,2020-03-05 15:59:12,LH_CREATE,2020-03-05 15:59:12,N,Y
100,0015529118,06,2020-03-05 15:59:12,LH_CREATE,2020-03-05 15:59:12,N,Y
100,0015530937,07,2020-03-05 15:59:11,LH_CREATE,2020-03-05 15:59:11,N,Y
100,0015531057,10,2020-03-05 15:59:12,LH_CREATE,2020-03-05 15:59:12,N,Y
100,0015532191,10,2020-03-05 15:59:12,LH_CREATE,2020-03-05 15:59:12,Y,Y
100,0015536432,07,2020-03-05 15:59:11,LH_CREATE,2020-03-05 15:59:11,N,Y
100,0016133756,10,2020-03-05 15:59:12,LH_CREATE,2020-03-05 15:59:12,N,Y
100,0016138913,06,2020-03-05 15:59:12,LH_CREATE,2020-03-05 15:59:12,N,Y
100,0016142191,07,2020-03-05 15:59:12,LH_CREATE,2020-03-05 15:59:12,N,Y
100,0016142195,07,2020-03-05 15:59:12,LH_CREATE,2020-03-05 15:59:12,N,Y
100,0016143618,07,2020-03-05 15:59:12,LH_CREATE,2020-03-05 15:59:12,N,Y
100,0016145499,00,2020-03-05 15:59:12,LH_CREATE,2020-03-05 15:59:12,N,Y
100,0016145541,10,2020-03-05 15:59:12,LH_CREATE,2020-03-05 15:59:12,N,Y
100,0016146819,05,2020-03-05 15:59:12,LH_CREATE,2020-03-05 15:59:12,N,Y
100,0016149511,10,2020-03-05 15:59:12,LH_CREATE,2020-03-05 15:59:12,N,Y
100,0016150731,10,2020-03-05 15:59:12,LH_CREATE,2020-03-05 15:59:12,N,Y
100,0016151147,07,2020-03-05 15:59:12,LH_CREATE,2020-03-05 15:59:12,N,Y
100,0016151773,09,2020-03-05 15:59:12,LH_CREATE,2020-03-05 15:59:12,Y,Y
100,0016152388,07,2020-03-05 15:59:12,LH_CREATE,2020-03-05 15:59:12,N,Y
100,0016154139,06,2020-03-05 15:59:12,LH_CREATE,2020-03-05 15:59:12,N,Y
100,0016156313,10,2020-03-05 15:59:12,LH_CREATE,2020-03-05 15:59:12,Y,Y
100,0016156386,08,2020-03-05 15:59:12,LH_CREATE,2020-03-05 15:59:12,Y,Y
100,0016157402,07,2020-03-05 15:59:12,LH_CREATE,2020-03-05 15:59:12,N,Y
100,0016158134,09,2020-03-05 15:59:12,LH_CREATE,2020-03-05 15:59:12,Y,Y
100,0016158213,06,2020-03-05 15:59:12,LH_CREATE,2020-03-05 15:59:12,N,Y
100,0016162571,05,2020-03-05 15:59:12,LH_CREATE,2020-03-05 15:59:12,N,Y
100,0016162689,06,2020-03-05 15:59:12,LH_CREATE,2020-03-05 15:59:12,N,Y
100,0016164689,10,2020-03-05 15:59:12,LH_CREATE,2020-03-05 15:59:12,Y,Y
100,0016164845,07,2020-03-05 15:59:12,LH_CREATE,2020-03-05 15:59:12,N,Y
100,0016169173,10,2020-03-05 15:59:12,LH_CREATE,2020-03-05 15:59:12,Y,Y
100,0016171219,08,2020-03-05 15:59:12,LH_CREATE,2020-03-05 15:59:12,Y,Y
100,0016172315,10,2020-03-05 15:59:12,LH_CREATE,2020-03-05 15:59:12,Y,Y
100,0016175284,10,2020-03-05 15:59:12,LH_CREATE,2020-03-05 15:59:12,N,Y
100,0016177887,10,2020-03-05 15:59:12,LH_CREATE,2020-03-05 15:59:12,Y,Y
100,0016178535,10,2020-03-05 15:59:12,LH_CREATE,2020-03-05 15:59:12,Y,Y
100,0016178911,10,2020-03-05 15:59:12,LH_CREATE,2020-03-05 15:59:12,Y,Y
100,0016179749,10,2020-03-05 15:59:12,LH_CREATE,2020-03-05 15:59:12,N,Y
100,0016180979,07,2020-03-05 15:59:12,LH_CREATE,2020-03-05 15:59:12,N,Y
100,0016181924,07,2020-03-05 15:59:12,LH_CREATE,2020-03-05 15:59:12,N,Y
100,0016182405,10,2020-03-05 15:59:12,LH_CREATE,2020-03-05 15:59:12,Y,Y
100,0016184069,08,2020-03-05 15:59:12,LH_CREATE,2020-03-05 15:59:12,N,Y
100,0016184873,09,2020-03-05 15:59:12,LH_CREATE,2020-03-05 15:59:12,Y,Y
100,0016185304,10,2020-03-05 15:59:12,LH_CREATE,2020-03-05 15:59:12,N,Y
100,0016185898,09,2020-03-05 15:59:12,LH_CREATE,2020-03-05 15:59:12,Y,Y
100,0016190355,10,2020-03-05 15:59:12,LH_CREATE,2020-03-05 15:59:12,Y,Y
100,0016191882,10,2020-03-05 15:59:12,LH_CREATE,2020-03-05 15:59:12,Y,Y
100,0016195328,08,2020-03-05 15:59:12,LH_CREATE,2020-03-05 15:59:12,N,Y
100,0016195758,07,2020-03-05 15:59:12,LH_CREATE,2020-03-05 15:59:12,N,Y
100,0016196499,06,2020-03-05 15:59:12,LH_CREATE,2020-03-05 15:59:12,N,Y
100,0016200707,08,2020-03-05 15:59:12,LH_CREATE,2020-03-05 15:59:12,N,Y
100,0016203217,10,2020-03-05 15:59:12,LH_CREATE,2020-03-05 15:59:12,Y,Y
100,0016204188,10,2020-03-05 15:59:12,LH_CREATE,2020-03-05 15:59:12,Y,Y
100,0016204360,07,2020-03-05 15:59:12,LH_CREATE,2020-03-05 15:59:12,N,Y
100,0016204372,10,2020-03-05 15:59:12,LH_CREATE,2020-03-05 15:59:12,Y,Y
100,0016206365,08,2020-03-05 15:59:12,LH_CREATE,2020-03-05 15:59:12,Y,Y
100,0016207011,00,2020-03-05 15:59:12,LH_CREATE,2020-03-05 15:59:12,Y,Y
100,0016207019,10,2020-03-05 15:59:12,LH_CREATE,2020-03-05 15:59:12,N,Y
100,0016207052,08,2020-03-05 15:59:12,LH_CREATE,2020-03-05 15:59:12,Y,Y
100,0016207685,10,2020-03-05 15:59:12,LH_CREATE,2020-03-05 15:59:12,N,Y
100,0016209636,10,2020-03-05 15:59:12,LH_CREATE,2020-03-05 15:59:12,N,Y
100,0016209933,06,2020-03-05 15:59:12,LH_CREATE,2020-03-05 15:59:12,N,Y
100,0016210313,10,2020-03-05 15:59:12,LH_CREATE,2020-03-05 15:59:12,N,Y
100,0016211749,06,2020-03-05 15:59:12,LH_CREATE,2020-03-05 15:59:12,N,Y
100,0016212100,10,2020-03-05 15:59:12,LH_CREATE,2020-03-05 15:59:12,N,Y
100,0016213201,10,2020-03-05 15:59:12,LH_CREATE,2020-03-05 15:59:12,Y,Y
100,0016213688,06,2020-03-05 15:59:12,LH_CREATE,2020-03-05 15:59:12,N,Y
100,0016214193,06,2020-03-05 15:59:12,LH_CREATE,2020-03-05 15:59:12,N,Y
100,0016214215,06,2020-03-05 15:59:12,LH_CREATE,2020-03-05 15:59:12,N,Y
100,0016214929,06,2020-03-05 15:59:12,LH_CREATE,2020-03-05 15:59:12,N,Y
100,0016215163,10,2020-03-05 15:59:12,LH_CREATE,2020-03-05 15:59:12,Y,Y
100,0016215261,10,2020-03-05 15:59:12,LH_CREATE,2020-03-05 15:59:12,N,Y
100,0016215417,10,2020-03-05 15:59:12,LH_CREATE,2020-03-05 15:59:12,N,Y
100,0016215533,10,2020-03-05 15:59:12,LH_CREATE,2020-03-05 15:59:12,N,Y
100,0016217099,10,2020-03-05 15:59:12,LH_CREATE,2020-03-05 15:59:12,Y,Y
100,0016220041,10,2020-03-05 15:59:12,LH_CREATE,2020-03-05 15:59:12,N,Y
100,0016221481,10,2020-03-05 15:59:12,LH_CREATE,2020-03-05 15:59:12,Y,Y
100,0016224381,10,2020-03-05 15:59:12,LH_CREATE,2020-03-05 15:59:12,Y,Y
100,0016227658,10,2020-03-05 15:59:12,LH_CREATE,2020-03-05 15:59:12,N,Y
100,0016227815,10,2020-03-05 15:59:12,LH_CREATE,2020-03-05 15:59:12,N,Y
100,0016229174,10,2020-03-05 15:59:12,LH_CREATE,2020-03-05 15:59:12,N,Y
100,0016230408,10,2020-03-05 15:59:12,LH_CREATE,2020-03-05 15:59:12,N,Y
100,0016231059,00,2020-03-05 15:59:12,LH_CREATE,2020-03-05 15:59:12,N,Y
100,0016231120,07,2020-03-05 15:59:12,LH_CREATE,2020-03-05 15:59:12,N,Y
100,0016231136,07,2020-03-05 15:59:12,LH_CREATE,2020-03-05 15:59:12,N,Y
100,0016231328,10,2020-03-05 15:59:12,LH_CREATE,2020-03-05 15:59:12,Y,Y
100,0016231665,07,2020-03-05 15:59:12,LH_CREATE,2020-03-05 15:59:12,N,Y
100,0016231773,07,2020-03-05 15:59:12,LH_CREATE,2020-03-05 15:59:12,N,Y
100,0016231789,07,2020-03-05 15:59:12,LH_CREATE,2020-03-05 15:59:12,N,Y
100,0016231887,08,2020-03-05 15:59:12,LH_CREATE,2020-03-05 15:59:12,N,Y
100,0016232495,10,2020-03-05 15:59:12,LH_CREATE,2020-03-05 15:59:12,Y,Y
100,0016232633,07,2020-03-05 15:59:12,LH_CREATE,2020-03-05 15:59:12,N,Y
100,0016232663,07,2020-03-05 15:59:12,LH_CREATE,2020-03-05 15:59:12,N,Y
100,0016232726,07,2020-03-05 15:59:12,LH_CREATE,2020-03-05 15:59:12,N,Y
100,0016233153,10,2020-03-05 15:59:12,LH_CREATE,2020-03-05 15:59:12,Y,Y
100,0016233943,10,2020-03-05 15:59:12,LH_CREATE,2020-03-05 15:59:12,N,Y
100,0016234273,10,2020-03-05 15:59:12,LH_CREATE,2020-03-05 15:59:12,N,Y
100,0016234472,10,2020-03-05 15:59:12,LH_CREATE,2020-03-05 15:59:12,Y,Y
100,0016236607,10,2020-03-05 15:59:12,LH_CREATE,2020-03-05 15:59:12,N,Y
100,0016726816,05,2020-03-05 15:59:13,LH_CREATE,2020-03-05 15:59:13,N,Y
100,0016731442,08,2020-03-05 15:59:13,LH_CREATE,2020-03-05 15:59:13,N,Y
100,0016732061,07,2020-03-05 15:59:13,LH_CREATE,2020-03-05 15:59:13,Y,Y
100,0016733806,10,2020-03-05 15:59:13,LH_CREATE,2020-03-05 15:59:13,Y,Y
100,0016733841,10,2020-03-05 15:59:13,LH_CREATE,2020-03-05 15:59:13,Y,Y
100,0016734625,10,2020-03-05 15:59:13,LH_CREATE,2020-03-05 15:59:13,Y,Y
100,0016734850,09,2020-03-05 15:59:13,LH_CREATE,2020-03-05 15:59:13,N,Y
100,0016735510,07,2020-03-05 15:59:13,LH_CREATE,2020-03-05 15:59:13,Y,Y
100,0016736017,10,2020-03-05 15:59:13,LH_CREATE,2020-03-05 15:59:13,Y,Y
100,0016736482,10,2020-03-05 15:59:13,LH_CREATE,2020-03-05 15:59:13,Y,Y
100,0016736551,07,2020-03-05 15:59:13,LH_CREATE,2020-03-05 15:59:13,N,Y
100,0016736758,10,2020-03-05 15:59:13,LH_CREATE,2020-03-05 15:59:13,Y,Y
100,0016737249,10,2020-03-05 15:59:13,LH_CREATE,2020-03-05 15:59:13,Y,Y
100,0016740901,06,2020-03-05 15:59:13,LH_CREATE,2020-03-05 15:59:13,N,Y
100,0016741565,07,2020-03-05 15:59:13,LH_CREATE,2020-03-05 15:59:13,N,Y
100,0016743717,06,2020-03-05 15:59:13,LH_CREATE,2020-03-05 15:59:13,N,Y
100,0016744445,10,2020-03-05 15:59:13,LH_CREATE,2020-03-05 15:59:13,N,Y
100,0016744913,06,2020-03-05 15:59:13,LH_CREATE,2020-03-05 15:59:13,N,Y
100,0016746658,10,2020-03-05 15:59:13,LH_CREATE,2020-03-05 15:59:13,Y,Y
100,0016747063,10,2020-03-05 15:59:13,LH_CREATE,2020-03-05 15:59:13,Y,Y
100,0016747245,00,2020-03-05 15:59:13,LH_CREATE,2020-03-05 15:59:13,Y,Y
100,0016748315,10,2020-03-05 15:59:13,LH_CREATE,2020-03-05 15:59:13,N,Y
100,0016748800,07,2020-03-05 15:59:13,LH_CREATE,2020-03-05 15:59:13,N,Y
100,0016748808,10,2020-03-05 15:59:13,LH_CREATE,2020-03-05 15:59:13,N,Y
100,0016749837,05,2020-03-05 15:59:13,LH_CREATE,2020-03-05 15:59:13,N,Y
100,0010290948,08,2020-03-05 15:22:42,LH_CREATE,2020-03-05 15:22:42,N,Y
100,0010295379,10,2020-03-05 15:22:42,LH_CREATE,2020-03-05 15:22:42,Y,Y
100,0010298227,00,2020-03-05 15:22:42,LH_CREATE,2020-03-05 15:22:42,Y,Y
100,0010298249,10,2020-03-05 15:22:42,LH_CREATE,2020-03-05 15:22:42,N,Y
100,0010298680,10,2020-03-05 15:22:42,LH_CREATE,2020-03-05 15:22:42,Y,Y
100,0010344689,07,2020-03-05 15:22:42,LH_CREATE,2020-03-05 15:22:42,N,Y
100,0010352540,05,2020-03-05 15:22:42,LH_CREATE,2020-03-05 15:22:42,N,Y
100,0010367897,06,2020-03-05 15:22:42,LH_CREATE,2020-03-05 15:22:42,N,Y
100,0010381781,07,2020-03-05 15:22:42,LH_CREATE,2020-03-05 15:22:42,N,Y
100,0010418610,08,2020-03-05 15:22:42,LH_CREATE,2020-03-05 15:22:42,N,Y
100,0010440558,08,2020-03-05 15:22:42,LH_CREATE,2020-03-05 15:22:42,N,Y
100,0010474288,06,2020-03-05 15:22:42,LH_CREATE,2020-03-05 15:22:42,N,Y
100,0010564533,05,2020-03-05 15:22:42,LH_CREATE,2020-03-05 15:22:42,Y,Y
100,0010584558,07,2020-03-05 15:22:42,LH_CREATE,2020-03-05 15:22:42,N,Y
100,0010595750,08,2020-03-05 15:22:42,LH_CREATE,2020-03-05 15:22:42,N,Y
100,0010640272,08,2020-03-05 15:22:42,LH_CREATE,2020-03-05 15:22:42,N,Y
100,0010655022,06,2020-03-05 15:22:42,LH_CREATE,2020-03-05 15:22:42,N,Y
100,0010679039,06,2020-03-05 15:22:42,LH_CREATE,2020-03-05 15:22:42,Y,Y
100,0010719998,08,2020-03-05 15:22:42,LH_CREATE,2020-03-05 15:22:42,N,Y
100,0010724802,08,2020-03-05 15:22:42,LH_CREATE,2020-03-05 15:22:42,N,Y
100,0010790094,06,2020-03-05 15:22:42,LH_CREATE,2020-03-05 15:22:42,Y,Y
100,0010817390,08,2020-03-05 15:22:42,LH_CREATE,2020-03-05 15:22:42,N,Y
100,0010891396,07,2020-03-05 15:22:42,LH_CREATE,2020-03-05 15:22:42,N,Y
100,0010973258,08,2020-03-05 15:22:42,LH_CREATE,2020-03-05 15:22:42,Y,Y
100,0010987732,10,2020-03-05 15:22:42,LH_CREATE,2020-03-05 15:22:42,Y,Y
100,0010991432,08,2020-03-05 15:22:42,LH_CREATE,2020-03-05 15:22:42,Y,Y
100,0011000901,10,2020-03-05 15:22:42,LH_CREATE,2020-03-05 15:22:42,N,Y
100,0011023245,00,2020-03-05 15:22:42,LH_CREATE,2020-03-05 15:22:42,Y,Y
100,0011024727,10,2020-03-05 15:22:42,LH_CREATE,2020-03-05 15:22:42,Y,Y
100,0011038116,08,2020-03-05 15:22:42,LH_CREATE,2020-03-05 15:22:42,Y,Y
100,0011045836,09,2020-03-05 15:22:42,LH_CREATE,2020-03-05 15:22:42,Y,Y
100,0011050571,10,2020-03-05 15:22:42,LH_CREATE,2020-03-05 15:22:42,Y,Y
100,0011050827,10,2020-03-05 15:22:42,LH_CREATE,2020-03-05 15:22:42,Y,Y
100,0011074747,09,2020-03-05 15:22:42,LH_CREATE,2020-03-05 15:22:42,Y,Y
100,0011082107,08,2020-03-05 15:22:42,LH_CREATE,2020-03-05 15:22:42,N,Y
100,0011085587,10,2020-03-05 15:22:42,LH_CREATE,2020-03-05 15:22:42,Y,Y
100,0011092908,10,2020-03-05 15:22:42,LH_CREATE,2020-03-05 15:22:42,Y,Y
100,0011097593,10,2020-03-05 15:22:42,LH_CREATE,2020-03-05 15:22:42,Y,Y
100,0011100188,10,2020-03-05 15:22:42,LH_CREATE,2020-03-05 15:22:42,Y,Y
100,0011101557,08,2020-03-05 15:22:42,LH_CREATE,2020-03-05 15:22:42,Y,Y
100,0011103738,10,2020-03-05 15:22:42,LH_CREATE,2020-03-05 15:22:42,Y,Y
100,0011132518,08,2020-03-05 15:22:42,LH_CREATE,2020-03-05 15:22:42,Y,Y
100,0011136738,10,2020-03-05 15:22:42,LH_CREATE,2020-03-05 15:22:42,Y,Y
100,0011138688,10,2020-03-05 15:22:42,LH_CREATE,2020-03-05 15:22:42,Y,Y
100,0011139349,08,2020-03-05 15:22:42,LH_CREATE,2020-03-05 15:22:42,Y,Y
100,0011149525,10,2020-03-05 15:22:42,LH_CREATE,2020-03-05 15:22:42,Y,Y
100,0011161732,10,2020-03-05 15:22:42,LH_CREATE,2020-03-05 15:22:42,Y,Y
100,0011163891,10,2020-03-05 15:22:42,LH_CREATE,2020-03-05 15:22:42,Y,Y
100,0011168272,10,2020-03-05 15:22:42,LH_CREATE,2020-03-05 15:22:42,Y,Y
100,0011199623,10,2020-03-05 15:22:42,LH_CREATE,2020-03-05 15:22:42,Y,Y
100,0011205241,10,2020-03-05 15:22:42,LH_CREATE,2020-03-05 15:22:42,N,Y
100,0011206489,10,2020-03-05 15:22:42,LH_CREATE,2020-03-05 15:22:42,Y,Y
100,0011206936,08,2020-03-05 15:22:42,LH_CREATE,2020-03-05 15:22:42,Y,Y
100,0011207174,10,2020-03-05 15:22:42,LH_CREATE,2020-03-05 15:22:42,Y,Y
100,0011210241,08,2020-03-05 15:22:42,LH_CREATE,2020-03-05 15:22:42,Y,Y
100,0011212098,10,2020-03-05 15:22:42,LH_CREATE,2020-03-31 05:02:02,Y,Y
100,0011216435,10,2020-03-05 15:22:42,LH_CREATE,2020-03-05 15:22:42,Y,Y
100,0011219437,10,2020-03-05 15:22:42,LH_CREATE,2020-03-05 15:22:42,Y,Y
100,0011231376,08,2020-03-05 15:22:42,LH_CREATE,2020-03-05 15:22:42,Y,Y
100,0011233029,10,2020-03-05 15:22:42,LH_CREATE,2020-03-05 15:22:42,Y,Y
100,0011233361,10,2020-03-05 15:22:42,LH_CREATE,2020-03-05 15:22:42,Y,Y
100,0011236099,10,2020-03-05 15:22:42,LH_CREATE,2020-03-05 15:22:42,Y,Y
100,0011239086,10,2020-03-05 15:22:42,LH_CREATE,2020-03-05 15:22:42,N,Y
100,0011243966,10,2020-03-05 15:22:42,LH_CREATE,2020-03-05 15:22:42,Y,Y
100,0011244086,08,2020-03-05 15:22:42,LH_CREATE,2020-03-05 15:22:42,Y,Y
100,0011244622,10,2020-03-05 15:22:42,LH_CREATE,2020-03-05 15:22:42,Y,Y
100,0011250176,10,2020-03-05 15:22:42,LH_CREATE,2020-03-05 15:22:42,Y,Y
100,0011251135,10,2020-03-05 15:22:42,LH_CREATE,2020-03-05 15:22:42,Y,Y
100,0011256056,10,2020-03-05 15:22:42,LH_CREATE,2020-03-05 15:22:42,Y,Y
100,0011261831,10,2020-03-05 15:22:42,LH_CREATE,2020-03-05 15:22:42,Y,Y
100,0011262878,10,2020-03-05 15:22:42,LH_CREATE,2020-03-05 15:22:42,Y,Y
100,0011264849,10,2020-03-05 15:22:42,LH_CREATE,2020-03-05 15:22:42,Y,Y
100,0011265310,07,2020-03-05 15:22:42,LH_CREATE,2020-03-05 15:22:42,N,Y
100,0011272904,10,2020-03-05 15:22:42,LH_CREATE,2020-03-05 15:22:42,Y,Y
100,0011277909,10,2020-03-05 15:22:42,LH_CREATE,2020-03-05 15:22:42,Y,Y
100,0011284273,08,2020-03-05 15:22:43,LH_CREATE,2020-03-05 15:22:43,N,Y
100,0011293185,10,2020-03-05 15:22:42,LH_CREATE,2020-03-05 15:22:42,Y,Y
100,0011297114,10,2020-03-05 15:22:42,LH_CREATE,2020-03-05 15:22:42,N,Y
100,0011298309,10,2020-03-05 15:22:42,LH_CREATE,2020-03-05 15:22:42,Y,Y
100,0011320030,05,2020-03-05 15:22:42,LH_CREATE,2020-03-05 15:22:42,N,Y
100,0011320654,10,2020-03-05 15:22:42,LH_CREATE,2020-03-05 15:22:42,Y,Y
100,0011332032,08,2020-03-05 15:22:43,LH_CREATE,2020-03-05 15:22:43,Y,Y
100,0011342852,08,2020-03-05 15:22:42,LH_CREATE,2020-03-05 15:22:42,Y,Y
100,0011345317,06,2020-03-05 15:22:42,LH_CREATE,2020-03-05 15:22:42,Y,Y
100,0011347242,09,2020-03-05 15:22:42,LH_CREATE,2020-03-05 15:22:42,Y,Y
100,0011352451,06,2020-03-05 15:22:42,LH_CREATE,2020-03-05 15:22:42,Y,Y
100,0011362097,06,2020-03-05 15:22:43,LH_CREATE,2020-03-05 15:22:43,N,Y
100,0011381722,06,2020-03-05 15:22:42,LH_CREATE,2020-03-05 15:22:42,Y,Y
100,0011382503,10,2020-03-05 15:22:42,LH_CREATE,2020-03-05 15:22:42,Y,Y
100,0011385232,06,2020-03-05 15:22:43,LH_CREATE,2020-03-05 15:22:43,N,Y
100,0011392118,10,2020-03-05 15:22:42,LH_CREATE,2020-03-05 15:22:42,Y,Y
100,0011407785,10,2020-03-05 15:22:43,LH_CREATE,2020-03-05 15:22:43,Y,Y
100,0011419323,00,2020-03-05 15:22:43,LH_CREATE,2020-03-05 15:22:43,Y,Y
100,0011456432,10,2020-03-05 15:22:43,LH_CREATE,2020-03-05 15:22:43,Y,Y
100,0011468124,10,2020-03-05 15:22:43,LH_CREATE,2020-03-05 15:22:43,Y,Y
100,0011934604,08,2020-03-05 15:22:43,LH_CREATE,2020-03-05 15:22:43,N,Y
100,0012025893,10,2020-03-05 15:22:43,LH_CREATE,2020-03-05 15:22:43,Y,Y
100,0012026013,10,2020-03-05 15:22:43,LH_CREATE,2020-03-05 15:22:43,N,Y
100,0012027079,10,2020-03-05 15:22:43,LH_CREATE,2020-03-05 15:22:43,N,Y
100,0012027184,10,2020-03-05 15:22:43,LH_CREATE,2020-03-05 15:22:43,N,Y
100,0012027677,08,2020-03-05 15:22:43,LH_CREATE,2020-03-05 15:22:43,N,Y
100,0012028275,10,2020-03-05 15:22:43,LH_CREATE,2020-03-05 15:22:43,Y,Y
100,0012028659,08,2020-03-05 15:22:43,LH_CREATE,2020-03-05 15:22:43,N,Y
100,0012028697,10,2020-03-05 15:22:43,LH_CREATE,2020-03-05 15:22:43,N,Y
100,0012028961,10,2020-03-05 15:22:43,LH_CREATE,2020-03-05 15:22:43,Y,Y
100,0012029228,05,2020-03-05 15:22:43,LH_CREATE,2020-03-05 15:22:43,N,Y
100,0012029260,10,2020-03-05 15:22:43,LH_CREATE,2020-03-05 15:22:43,Y,Y
100,0012029336,10,2020-03-05 15:22:43,LH_CREATE,2020-03-05 15:22:43,Y,Y
100,0012029425,10,2020-03-05 15:22:43,LH_CREATE,2020-03-05 15:22:43,N,Y
100,0012029689,08,2020-03-05 15:22:43,LH_CREATE,2020-03-05 15:22:43,N,Y
100,0012030268,10,2020-03-05 15:22:43,LH_CREATE,2020-03-05 15:22:43,Y,Y
100,0012030352,08,2020-03-05 15:22:43,LH_CREATE,2020-03-05 15:22:43,N,Y
100,0012030814,10,2020-03-05 15:22:43,LH_CREATE,2020-03-05 15:22:43,Y,Y
100,0012031029,10,2020-03-05 15:22:43,LH_CREATE,2020-03-05 15:22:43,Y,Y
100,0012031408,10,2020-03-05 15:22:43,LH_CREATE,2020-03-05 15:22:43,N,Y
100,0012032193,10,2020-03-05 15:22:43,LH_CREATE,2020-03-05 15:22:43,N,Y
100,0012032197,10,2020-03-05 15:22:43,LH_CREATE,2020-03-05 15:22:43,N,Y
100,0012032489,09,2020-03-05 15:22:43,LH_CREATE,2020-03-05 15:22:43,Y,Y
100,0012032710,08,2020-03-05 15:22:43,LH_CREATE,2020-03-05 15:22:43,N,Y
100,0012032932,10,2020-03-05 15:22:43,LH_CREATE,2020-03-05 15:22:43,N,Y
100,0012033239,08,2020-03-05 15:22:43,LH_CREATE,2020-03-05 15:22:43,Y,Y
100,0012033259,08,2020-03-05 15:22:43,LH_CREATE,2020-03-05 15:22:43,N,Y
100,0012033548,08,2020-03-05 15:22:43,LH_CREATE,2020-03-05 15:22:43,N,Y
100,0012033682,06,2020-03-05 15:22:43,LH_CREATE,2020-03-05 15:22:43,N,Y
100,0012033937,10,2020-03-05 15:22:43,LH_CREATE,2020-03-05 15:22:43,N,Y
100,0012033970,08,2020-03-05 15:22:43,LH_CREATE,2020-03-05 15:22:43,Y,Y
100,0012034145,08,2020-03-05 15:22:43,LH_CREATE,2020-03-05 15:22:43,N,Y
100,0012034160,09,2020-03-05 15:22:43,LH_CREATE,2020-03-05 15:22:43,N,Y
100,0012035824,10,2020-03-05 15:22:43,LH_CREATE,2020-03-05 15:22:43,N,Y
100,0012035825,10,2020-03-05 15:22:43,LH_CREATE,2020-03-05 15:22:43,Y,Y
100,0012036324,10,2020-03-05 15:22:44,LH_CREATE,2020-03-31 05:03:48,Y,Y
100,0012036770,10,2020-03-05 15:22:43,LH_CREATE,2020-03-05 15:22:43,N,Y
100,0012037079,10,2020-03-05 15:22:44,LH_CREATE,2020-03-05 15:22:44,N,Y
100,0012037944,10,2020-03-05 15:22:43,LH_CREATE,2020-03-05 15:22:43,Y,Y
100,0012038429,10,2020-03-05 15:22:44,LH_CREATE,2020-03-05 15:22:44,N,Y
100,0012038640,08,2020-03-05 15:22:43,LH_CREATE,2020-03-05 15:22:43,N,Y
100,0012039150,10,2020-03-05 15:22:43,LH_CREATE,2020-03-05 15:22:43,Y,Y
100,0012039481,10,2020-03-05 15:22:43,LH_CREATE,2020-03-05 15:22:43,N,Y
100,0012039565,10,2020-03-05 15:22:43,LH_CREATE,2020-03-05 15:22:43,Y,Y
100,0012040000,10,2020-03-05 15:22:43,LH_CREATE,2020-03-05 15:22:43,N,Y
100,0012040220,10,2020-03-05 15:22:43,LH_CREATE,2020-03-05 15:22:43,Y,Y
100,0012040279,10,2020-03-05 15:22:43,LH_CREATE,2020-03-05 15:22:43,N,Y
100,0012040337,10,2020-03-05 15:22:43,LH_CREATE,2020-03-05 15:22:43,Y,Y
100,0012040530,10,2020-03-05 15:22:43,LH_CREATE,2020-03-05 15:22:43,N,Y
100,0012041956,08,2020-03-05 15:22:43,LH_CREATE,2020-03-05 15:22:43,N,Y
100,0012042115,10,2020-03-05 15:22:43,LH_CREATE,2020-03-05 15:22:43,Y,Y
100,0012042274,10,2020-03-05 15:22:43,LH_CREATE,2020-03-05 15:22:43,Y,Y
100,0012043118,10,2020-03-05 15:22:43,LH_CREATE,2020-03-05 15:22:43,Y,Y
100,0012043182,10,2020-03-05 15:22:43,LH_CREATE,2020-03-05 15:22:43,Y,Y
100,0012044261,08,2020-03-05 15:22:44,LH_CREATE,2020-03-05 15:22:44,N,Y
100,0012044278,08,2020-03-05 15:22:43,LH_CREATE,2020-03-05 15:22:43,N,Y
100,0012044392,10,2020-03-05 15:22:43,LH_CREATE,2020-03-05 15:22:43,N,Y
100,0012044395,10,2020-03-05 15:22:43,LH_CREATE,2020-03-05 15:22:43,Y,Y
100,0012044543,10,2020-03-05 15:22:44,LH_CREATE,2020-03-05 15:22:44,Y,Y
100,0012044553,10,2020-03-05 15:22:44,LH_CREATE,2020-03-05 15:22:44,N,Y
100,0012044646,09,2020-03-05 15:22:43,LH_CREATE,2020-03-05 15:22:43,N,Y
100,0012044668,10,2020-03-05 15:22:43,LH_CREATE,2020-03-05 15:22:43,N,Y
100,0012044794,10,2020-03-05 15:22:44,LH_CREATE,2020-03-05 15:22:44,N,Y
100,0012045289,10,2020-03-05 15:22:43,LH_CREATE,2020-03-05 15:22:43,N,Y
100,0012045327,10,2020-03-05 15:22:43,LH_CREATE,2020-03-05 15:22:43,N,Y
100,0012045740,10,2020-03-05 15:22:44,LH_CREATE,2020-03-05 15:22:44,N,Y
100,0012045900,07,2020-03-05 15:22:43,LH_CREATE,2020-03-05 15:22:43,N,Y
100,0012046366,10,2020-03-05 15:22:43,LH_CREATE,2020-03-05 15:22:43,N,Y
100,0012046520,10,2020-03-05 15:22:43,LH_CREATE,2020-03-05 15:22:43,Y,Y
100,0012046663,10,2020-03-05 15:22:43,LH_CREATE,2020-03-05 15:22:43,N,Y
100,0012047113,07,2020-03-05 15:22:43,LH_CREATE,2020-03-05 15:22:43,N,Y
100,0012047117,10,2020-03-05 15:22:43,LH_CREATE,2020-03-05 15:22:43,N,Y
100,0012047319,10,2020-03-05 15:22:43,LH_CREATE,2020-03-05 15:22:43,N,Y
100,0012047368,10,2020-03-05 15:22:43,LH_CREATE,2020-03-05 15:22:43,N,Y
100,0012047387,10,2020-03-05 15:22:43,LH_CREATE,2020-03-05 15:22:43,N,Y
100,0012047542,10,2020-03-05 15:22:43,LH_CREATE,2020-03-05 15:22:43,N,Y
100,0012048103,07,2020-03-05 15:22:43,LH_CREATE,2020-03-05 15:22:43,Y,Y
100,0012048377,10,2020-03-05 15:22:43,LH_CREATE,2020-03-05 15:22:43,N,Y
100,0012048821,09,2020-03-05 15:22:44,LH_CREATE,2020-03-05 15:22:44,Y,Y
100,0012049796,10,2020-03-05 15:22:43,LH_CREATE,2020-03-05 15:22:43,N,Y
100,0012050329,08,2020-03-05 15:22:43,LH_CREATE,2020-03-05 15:22:43,N,Y
100,0012050619,10,2020-03-05 15:22:43,LH_CREATE,2020-03-05 15:22:43,Y,Y
100,0012051616,09,2020-03-05 15:22:44,LH_CREATE,2020-03-05 15:22:44,N,Y
100,0012051645,10,2020-03-05 15:22:44,LH_CREATE,2020-03-05 15:22:44,Y,Y
100,0012052074,08,2020-03-05 15:22:44,LH_CREATE,2020-03-05 15:22:44,N,Y
100,0012052173,10,2020-03-05 15:22:43,LH_CREATE,2020-03-05 15:22:43,N,Y
100,0012052480,10,2020-03-05 15:22:44,LH_CREATE,2020-03-05 15:22:44,N,Y
100,0012052621,10,2020-03-05 15:22:44,LH_CREATE,2020-03-05 15:22:44,Y,Y
100,0012052930,10,2020-03-05 15:22:43,LH_CREATE,2020-03-05 15:22:43,Y,Y
100,0012053230,09,2020-03-05 15:22:44,LH_CREATE,2020-03-05 15:22:44,Y,Y
100,0012054552,10,2020-03-05 15:22:43,LH_CREATE,2020-03-05 15:22:43,N,Y
100,0012084362,10,2020-03-05 15:22:44,LH_CREATE,2020-03-05 15:22:44,N,Y
100,0012084432,10,2020-03-05 15:22:44,LH_CREATE,2020-03-05 15:22:44,N,Y
100,0012084974,10,2020-03-05 15:22:44,LH_CREATE,2020-03-05 15:22:44,N,Y
100,0012085445,10,2020-03-05 15:22:44,LH_CREATE,2020-03-05 15:22:44,N,Y
100,0012086053,08,2020-03-05 15:22:44,LH_CREATE,2020-03-05 15:22:44,N,Y
100,0012086787,10,2020-03-05 15:22:43,LH_CREATE,2020-03-05 15:22:43,N,Y
100,0012087141,06,2020-03-05 15:22:43,LH_CREATE,2020-03-05 15:22:43,N,Y
100,0012088847,10,2020-03-05 15:22:43,LH_CREATE,2020-03-05 15:22:43,N,Y
100,0012089904,10,2020-03-05 15:22:43,LH_CREATE,2020-03-05 15:22:43,N,Y
100,0012090887,10,2020-03-05 15:22:43,LH_CREATE,2020-03-05 15:22:43,N,Y
100,0012091825,10,2020-03-05 15:22:43,LH_CREATE,2020-03-05 15:22:43,N,Y
100,0012092330,10,2020-03-05 15:22:43,LH_CREATE,2020-03-05 15:22:43,N,Y
100,0012093479,08,2020-03-05 15:22:43,LH_CREATE,2020-03-05 15:22:43,N,Y
100,0012093807,10,2020-03-05 15:22:43,LH_CREATE,2020-03-05 15:22:43,Y,Y
100,0012094965,08,2020-03-05 15:22:43,LH_CREATE,2020-03-05 15:22:43,N,Y
100,0012095343,08,2020-03-05 15:22:43,LH_CREATE,2020-03-05 15:22:43,N,Y
100,0012097111,10,2020-03-05 15:22:43,LH_CREATE,2020-03-05 15:22:43,N,Y
100,0012098106,10,2020-03-05 15:22:43,LH_CREATE,2020-03-31 05:03:12,Y,Y
